CMBSRP_M3_DUT1_RES,BEOL
CMBSRP_M3_DUT2_RES,BEOL
CMBSRP_M3_DUT1_LKG,BEOL
CMBSRP_M3_DUT2_LKG,BEOL
CMBSRP_M4_DUT1_RES,BEOL
CMBSRP_M4_DUT2_RES,BEOL
CMBSRP_M4_DUT1_LKG,BEOL
CMBSRP_M4_DUT2_LKG,BEOL
CMBSRP_M1_DUT1_RES,BEOL
CMBSRP_M1_DUT2_RES,BEOL
CMBSRP_M1_DUT1_LKG,BEOL
CMBSRP_M1_DUT2_LKG,BEOL
CMBSRP_M2_DUT1_RES,BEOL
CMBSRP_M2_DUT2_RES,BEOL
CMBSRP_M2_DUT1_LKG,BEOL
CMBSRP_M2_DUT2_LKG,BEOL
CMBSRP_D5_DUT1_RES,BEOL
CMBSRP_D5_DUT2_RES,BEOL
CMBSRP_D5_DUT1_LKG,BEOL
CMBSRP_D5_DUT2_LKG,BEOL
vchnA_V0_DUT1_RES,BEOL
vchnB_V0_DUT1_RES,BEOL
vchnA_chnB_V0_DUT1_LKG,BEOL
vchnA_chnB_V0_DUT7_LKG,BEOL
vchnA_chnB_V0_DUT8_LKG,BEOL
vchnA_MD_DUT1_RES,BEOL
vchnB_MD_DUT1_RES,BEOL
vchnA_vchnB_MD_DUT1_LKG,BEOL
vchnA_vchnB_MD_DUT3_LKG,BEOL
vchnA_vchnB_MD_DUT4_LKG,BEOL
vchnA_V1_DUT1_RES,BEOL
vchnB_V1_DUT1_RES,BEOL
vchnA_V1_DUT2_RES,BEOL
vchnA_chnB_V1_DUT1_LKG,BEOL
vchnA_chnB_V1_DUT2_LKG,BEOL
vchnA_chnB_V1_DUT7_LKG,BEOL
vchnA_chnB_V1_DUT8_LKG,BEOL
VCHN_SRAM_GRV2_M1_minA_76_24_Res,BEOL
VCHN_SRAM_GRV2_M1_minA_76_22_Res,BEOL
VCHN_SRAM_GRV2_M1_minA_68_22_Res,BEOL
ISOVIA_V0_RES,BEOL
ISOVIA_V1_RES,BEOL
ISOVIA_V2_RES,BEOL
ISOVIA_V3_RES,BEOL
ISOVIA_ISO_MD_Res,BEOL
CMBSRP_D5_DUT1_RES,BEOL
CMBSRP_D5_DUT1_LKG,BEOL
CMBSRP_D5_DUT2_RES,BEOL
CMBSRP_D5_DUT2_LKG,BEOL
CMBSRP_M4_DUT2_RES,BEOL
CMBSRP_M1_DUT1_RES,BEOL
CMBSRP_M1_DUT1_LKG,BEOL
CMBSRP_M1_DUT2_RES,BEOL
CMBSRP_M1_DUT2_LKG,BEOL
CMBSRP_M2_DUT1_RES,BEOL
CMBSRP_M2_DUT1_LKG,BEOL
CMBSRP_M2_DUT2_RES,BEOL
CMBSRP_M2_DUT2_LKG,BEOL
CMBSRP_M3_DUT1_RES,BEOL
CMBSRP_M3_DUT1_LKG,BEOL
CMBSRP_M3_DUT2_RES,BEOL
CMBSRP_M3_DUT2_LKG,BEOL
CMBSRP_M4_DUT1_RES,BEOL
CMBSRP_M4_DUT1_LKG,BEOL
CMBSRP_M4_DUT2_LKG,BEOL
vchnA_vchnB_MD_DUT1_LKG,BEOL
vchnA_MD_DUT1_RES,BEOL
vchnB_MD_DUT1_RES,BEOL
vchnA_vchnB_MD_DUT3_LKG,BEOL
vchnA_vchnB_MD_DUT4_LKG,BEOL
vchnA_chnB_V0_DUT1_LKG,BEOL
vchnA_V0_DUT1_RES,BEOL
vchnB_V0_DUT1_RES,BEOL
vchnA_chnB_V0_DUT7_LKG,BEOL
vchnA_chnB_V0_DUT8_LKG,BEOL
vchnA_chnB_V1_DUT1_LKG,BEOL
vchnA_V1_DUT1_RES,BEOL
vchnB_V1_DUT1_RES,BEOL
vchnA_chnB_V1_DUT7_LKG,BEOL
vchnA_chnB_V1_DUT8_LKG,BEOL
vchnA_chnB_V1_DUT2_LKG,BEOL
vchnA_V1_DUT2_RES,BEOL
vchnB_V1_DUT2_RES,BEOL
vchnA_chnB_V1_DUT9_LKG,BEOL
vchnA_chnB_V1_DUT10_LKG,BEOL
vchnA_chnB_V2_DUT1_LKG,BEOL
vchnA_V2_DUT1_RES,BEOL
vchnB_V2_DUT1_RES,BEOL
vchnA_chnB_V2_DUT7_LKG,BEOL
vchnA_chnB_V2_DUT8_LKG,BEOL
vchnA_chnB_V2_DUT2_LKG,BEOL
vchnA_V2_DUT2_RES,BEOL
vchnB_V2_DUT2_RES,BEOL
vchnA_chnB_V2_DUT9_LKG,BEOL
vchnA_chnB_V2_DUT10_LKG,BEOL
vchnA_chnB_V3_DUT1_LKG,BEOL
vchnA_chnB_V3_DUT10_LKG,BEOL
vchnA_V3_DUT1_RES,BEOL
vchnA_chnB_V3_DUT3_LKG,BEOL
vchnB_V3_DUT1_RES,BEOL
vchnA_chnB_V3_DUT4_LKG,BEOL
vchnA_V3_DUT4_RES,BEOL
vchnA_chnB_V3_DUT11_LKG,BEOL
vchnB_V3_DUT4_RES,BEOL
vchnA_chnB_V3_DUT2_LKG,BEOL
vchnA_chnB_V3_DUT12_LKG,BEOL
vchnA_V3_DUT2_RES,BEOL
vchnA_chnB_V3_DUT5_LKG,BEOL
vchnB_V3_DUT2_RES,BEOL
vchnA_chnB_V3_DUT6_LKG,BEOL
vchnA_V3_DUT4_RES,BEOL
vchnA_chnB_V3_DUT13_LKG,BEOL
vchnB_V3_DUT4_RES,BEOL
METAL_KELVIN_D5,BEOL
METAL_KELVIN_I4,BEOL
METAL_KELVIN_J4,BEOL
METAL_KELVIN_M1_Horizental,BEOL
METAL_KELVIN_M1_Vertical,BEOL
METAL_KELVIN_M2,BEOL
METAL_KELVIN_M3,BEOL
METAL_KELVIN_M4,BEOL
METAL_KELVIN_Z4,BEOL
VPNP_Vbe@I=1e-6A/um2_Kelvin,Device
VPNP_Vbe@I=1.85e-7A/um2_Kelvin,Device
VPNP_Vbe@I=3e-6A/um2_Kelvin,Device
VPNP_Vbe@I=3e-8A/um2_Kelvin,Device
VPNP_Vbe@I=4.94e-7A/um2_Kelvin,Device
P032_bit_PD_L_Vtsat,SRAM
P032_bit_PD_R_Vtsat,SRAM
P032_bit_PG_L_Vtsat,SRAM
P032_bit_PG_R_Vtsat,SRAM
P032_bit_PU_L_Vtsat,SRAM
P032_bit_PU_R_Vtsat,SRAM
P032_bit_PD_L_Vtlin,SRAM
P032_bit_PD_R_Vtlin,SRAM
P032_bit_PG_L_Vtlin,SRAM
P032_bit_PG_R_Vtlin,SRAM
P032_bit_PU_L_Vtlin,SRAM
P032_bit_PU_R_Vtlin,SRAM
P032_bit_PD_L_Idsat,SRAM
P032_bit_PD_R_Idsat,SRAM
P032_bit_PG_L_Idsat,SRAM
P032_bit_PG_R_Idsat,SRAM
P032_bit_PU_L_Idsat,SRAM
P032_bit_PU_R_Idsat,SRAM
P032_bit_PD_L_Idlin,SRAM
P032_bit_PD_R_Idlin,SRAM
P032_bit_PG_L_Idlin,SRAM
P032_bit_PG_R_Idlin,SRAM
P032_bit_PU_L_Idlin,SRAM
P032_bit_PU_R_Idlin,SRAM
P032_FET_PD_Vtsat,SRAM
P032_FET_PG_Vtsat,SRAM
P032_FET_PU_Vtsat,SRAM
P032_FET_PD_Vtlin,SRAM
P032_FET_PG_Vtlin,SRAM
P032_FET_PU_Vtlin,SRAM
P032_FET_PD_Idoff,SRAM
P032_FET_PG_Idoff,SRAM
P032_FET_PU_Idoff,SRAM
P032_IREAD_L,SRAM
P032_IREAD_R,SRAM
P032_SNM,SRAM
P032_WRM,SRAM
PL032S_bit_PD_L_Vtsat,SRAM
PL032S_bit_PD_R_Vtsat,SRAM
PL032S_bit_PG_L_Vtsat,SRAM
PL032S_bit_PG_R_Vtsat,SRAM
PL032S_bit_PU_L_Vtsat,SRAM
PL032S_bit_PU_R_Vtsat,SRAM
PL032S_bit_PD_L_Vtlin,SRAM
PL032S_bit_PD_R_Vtlin,SRAM
PL032S_bit_PG_L_Vtlin,SRAM
PL032S_bit_PG_R_Vtlin,SRAM
PL032S_bit_PU_L_Vtlin,SRAM
PL032S_bit_PU_R_Vtlin,SRAM
PL032S_bit_PD_L_Idsat,SRAM
PL032S_bit_PD_R_Idsat,SRAM
PL032S_bit_PG_L_Idsat,SRAM
PL032S_bit_PG_R_Idsat,SRAM
PL032S_bit_PU_L_Idsat,SRAM
PL032S_bit_PU_R_Idsat,SRAM
PL032S_bit_PD_L_Idlin,SRAM
PL032S_bit_PD_R_Idlin,SRAM
PL032S_bit_PG_L_Idlin,SRAM
PL032S_bit_PG_R_Idlin,SRAM
PL032S_bit_PU_L_Idlin,SRAM
PL032S_bit_PU_R_Idlin,SRAM
PL032S_FET_PD_Vtsat,SRAM
PL032S_FET_PG_Vtsat,SRAM
PL032S_FET_PU_Vtsat,SRAM
PL032S_FET_PD_Vtlin,SRAM
PL032S_FET_PG_Vtlin,SRAM
PL032S_FET_PU_Vtlin,SRAM
PL032S_FET_PD_Idoff,SRAM
PL032S_FET_PG_Idoff,SRAM
PL032S_FET_PU_Idoff,SRAM
PL032S_IREAD_L,SRAM
PL032S_IREAD_R,SRAM
PL032S_SNM,SRAM
PL032S_WRM,SRAM
TPLL053_Iread_RP,SRAM
TPLL053_FET_RPD_Vtsat,SRAM
TPLL053_FET_RPG_Vtsat,SRAM
TPLL053_FET_RPD_Vtlin,SRAM
TPLL053_FET_RPG_Vtlin,SRAM
TPLL053_FET_RPD_Idsat,SRAM
TPLL053_FET_RPG_Idsat,SRAM
TPLL053_FET_RPD_Idlin,SRAM
TPLL053_FET_RPG_Idlin,SRAM
TPLL053_FET_RPD_Idoff,SRAM
TPLL053_FET_RPG_Idoff,SRAM
P032_FET_PD_Igoff,SRAM
P032_FET_PG_Igoff,SRAM
P032_FET_PU_Igoff,SRAM
PL032S_FET_PD_Igoff,SRAM
PL032S_FET_PG_Igoff,SRAM
PL032S_FET_PU_Igoff,SRAM
TPLL053_FET_RPD_Igoff,SRAM
TPLL053_FET_RPG_Igoff,SRAM
P032_FET_PD_Iginv,SRAM
P032_FET_PG_Iginv,SRAM
P032_FET_PU_Iginv,SRAM
PL032S_FET_PD_Iginv,SRAM
PL032S_FET_PG_Iginv,SRAM
PL032S_FET_PU_Iginv,SRAM
TPLL053_FET_RPD_Iginv,SRAM
TPLL053_FET_RPG_Iginv,SRAM
P032_FET_PD_Idsat,SRAM
P032_FET_PG_Idsat,SRAM
P032_FET_PU_Idsat,SRAM
PL032S_FET_PD_Idsat,SRAM
PL032S_FET_PG_Idsat,SRAM
PL032S_FET_PU_Idsat,SRAM
P032_FET_PD_Idlin,SRAM
P032_FET_PG_Idlin,SRAM
P032_FET_PU_Idlin,SRAM
PL032S_FET_PD_Idlin,SRAM
PL032S_FET_PG_Idlin,SRAM
PL032S_FET_PU_Idlin,SRAM
RVTP_TK_COV,SRAM
P032_ISB,SRAM
PL032S_ISB,SRAM
TPLL053_ISB,SRAM
QAHYB_PC2CA_SGN_SLVT_Lk075,REL
QAHYB_PC2CA_SGN_SLVT_VRAMP,REL
QAHYB_PC2CA_SGN_SLVT_i,REL
QAHYB_PC2CA_SGN_SLVT_mode,REL
QAHYB_PC2CA_SGN_SLVT_VST1,REL
QAHYB_PC2CA_mod2_SGN_Lk075,REL
QAHYB_PC2CA_mod2_SGN_VRAMP,REL
QAHYB_PC2CA_mod2_SGN_i,REL
QAHYB_PC2CA_mod2_SGN_mode,REL
QAHYB_PC2CA_mod2_SGN_VST1,REL
QAHYB_PC2CA_SGP_SLVT_Lk075,REL
QAHYB_PC2CA_SGP_SLVT_VRAMP,REL
QAHYB_PC2CA_SGP_SLVT_i,REL
QAHYB_PC2CA_SGP_SLVT_mode,REL
QAHYB_PC2CA_SGP_SLVT_VST1,REL
QAHYB_PC2CA_mod2_SGP_Lk075,REL
QAHYB_PC2CA_mod2_SGP_VRAMP,REL
QAHYB_PC2CA_mod2_SGP_i,REL
QAHYB_PC2CA_mod2_SGP_mode,REL
QAHYB_PC2CA_mod2_SGP_VST1,REL
VR_LP_27_20_8_54_Vbd_i0,REL
VR_LP_27_20_8_54_Vbd_i0f,REL
VR_LP_27_20_8_54_Vbd_i1,REL
VR_LP_27_20_8_54_Vbd_i2,REL
VR_LP_27_20_8_54_Vbd_i3,REL
VR_LP_27_20_8_54_Vbd_lk1,REL
VR_LP_27_20_8_54_Vbd_lk2,REL
VR_LP_27_20_8_54_Vbd_lk3,REL
VR_LP_27_20_8_54_Vbd_v1,REL
VR_LP_27_20_8_54_Vbd_v2,REL
VR_LP_27_20_8_54_Vbd_v3,REL
VR_EN_42_40_150_230_Lk18,REL
VR_EN_42_40_150_230_VRAMP,REL
VR_EN_42_40_150_230_i,REL
VR_EN_42_40_150_230_mode,REL
VR_EN_42_40_150_230_VST1,REL
VR_EP_42_40_150_230_VRAMP,REL
VR_EP_42_40_150_230_i,REL
VR_EP_42_40_150_230_mode,REL
VR_SN_27_20_8_54_VST1,REL
VR_SN_27_20_8_54_Vbd_i0,REL
VR_SN_27_20_8_54_Vbd_i0f,REL
VR_SN_27_20_8_54_Vbd_i1,REL
VR_SN_27_20_8_54_Vbd_i2,REL
VR_SN_27_20_8_54_Vbd_i3,REL
VR_SN_27_20_8_54_Vbd_lk1,REL
VR_SN_27_20_8_54_Vbd_lk2,REL
VR_SN_27_20_8_54_Vbd_lk3,REL
VR_SN_27_20_8_54_Vbd_v1,REL
VR_SN_27_20_8_54_Vbd_v2,REL
VR_SN_27_20_8_54_Vbd_v3,REL
VR_UP_27_20_8_54_Vbd_i0,REL
VR_UP_27_20_8_54_Vbd_i0f,REL
VR_UP_27_20_8_54_Vbd_i1,REL
VR_UP_27_20_8_54_Vbd_i2,REL
VR_UP_27_20_8_54_Vbd_i3,REL
VR_UP_27_20_8_54_Vbd_lk1,REL
VR_UP_27_20_8_54_Vbd_lk2,REL
VR_UP_27_20_8_54_Vbd_lk3,REL
VR_UP_27_20_8_54_Vbd_v1,REL
VR_UP_27_20_8_54_Vbd_v2,REL
VR_UP_27_20_8_54_Vbd_v3,REL
VR_RP_27_20_8_54_Vbd_i0,REL
VR_RP_27_20_8_54_Vbd_i0f,REL
VR_RP_27_20_8_54_Vbd_i1,REL
VR_RP_27_20_8_54_Vbd_i2,REL
VR_RP_27_20_8_54_Vbd_i3,REL
VR_RP_27_20_8_54_Vbd_lk1,REL
VR_RP_27_20_8_54_Vbd_lk2,REL
VR_RP_27_20_8_54_Vbd_lk3,REL
VR_RP_27_20_8_54_Vbd_v1,REL
VR_RP_27_20_8_54_Vbd_v2,REL
VR_RP_27_20_8_54_Vbd_v3,REL
EGN_PBTI_150_20F_GOF,REL
EGN_PBTI_150_20F_Intercept,REL
EGN_PBTI_150_20F_PreVt,REL
EGN_PBTI_150_20F_Ref_ID,REL
EGN_PBTI_150_20F_Ref_IG,REL
EGN_PBTI_150_20F_SHIFT1,REL
EGN_PBTI_150_20F_SHIFT2,REL
EGN_PBTI_150_20F_Slope,REL
EGN_PBTI_150_20F_VSENSE,REL
EGP_NBTI_150_20F_GOF,REL
EGP_NBTI_150_20F_Intercept,REL
EGP_NBTI_150_20F_PreVt,REL
EGP_NBTI_150_20F_Ref_ID,REL
EGP_NBTI_150_20F_Ref_IG,REL
EGP_NBTI_150_20F_SHIFT1,REL
EGP_NBTI_150_20F_SHIFT2,REL
EGP_NBTI_150_20F_Slope,REL
EGP_NBTI_150_20F_VSENSE,REL
SGN_PBTI_08_40F_U_GOF,REL
SGN_PBTI_08_40F_U_Intercept,REL
SGN_PBTI_08_40F_U_PreVt,REL
SGN_PBTI_08_40F_U_Ref_IG,REL
SGN_PBTI_08_40F_U_SHIFT1,REL
SGN_PBTI_08_40F_U_SHIFT2,REL
SGN_PBTI_08_40F_U_Slope,REL
SGN_PBTI_08_40F_U_VSENSE,REL
SGP_NBTI_08_40F_U_GOF,REL
SGP_NBTI_08_40F_U_Intercept,REL
SGP_NBTI_08_40F_U_PreVt,REL
SGP_NBTI_08_40F_U_Ref_IG,REL
SGP_NBTI_08_40F_U_SHIFT1,REL
SGP_NBTI_08_40F_U_SHIFT2,REL
SGP_NBTI_08_40F_U_Slope,REL
SGP_NBTI_08_40F_U_VSENSE,REL
EN_HCI_before,REL
EN_HCI_before_lin,REL
EN_HCI_stress_ileak_IB,REL
EN_HCI_stress_ileak_ID,REL
EN_HCI_stress_ileak_IG,REL
EN_HCI_stress_ileak_IS,REL
EN_HCI_after,REL
EN_HCI_after_lin,REL
EP_HCI_before,REL
EP_HCI_before_lin,REL
EP_HCI_stress_ileak_IB,REL
EP_HCI_stress_ileak_ID,REL
EP_HCI_stress_ileak_IG,REL
EP_HCI_stress_ileak_IS,REL
EP_HCI_after,REL
EP_HCI_after_lin,REL
SN_HCI_before,REL
SN_HCI_before_lin,REL
SN_HCI_stress_ileak_IB,REL
SN_HCI_stress_ileak_ID,REL
SN_HCI_stress_ileak_IG,REL
SN_HCI_stress_ileak_IS,REL
SN_HCI_after,REL
SN_HCI_after_lin,REL
SN_HCI_before_095,REL
SN_HCI_before_lin_095,REL
SN_HCI_after_095,REL
SN_HCI_after_lin_095,REL
SP_HCI_before,REL
SP_HCI_before_lin,REL
SP_HCI_stress_ileak_IB,REL
SP_HCI_stress_ileak_ID,REL
SP_HCI_stress_ileak_IG,REL
SP_HCI_stress_ileak_IS,REL
SP_HCI_after,REL
SP_HCI_after_lin,REL
SP_HCI_before_095,REL
SP_HCI_before_lin_095,REL
SP_HCI_after_095,REL
SP_HCI_after_lin_095,REL
9T_MDBARPWR_4pt~Res,FEOLMOL_HOL
9T_V0RTGT_c_4pt~Res,FEOLMOL_HOL
9T_V0RTGT_e_4pt~Res,FEOLMOL_HOL
9T_V0V1PWR_4pt~Res,FEOLMOL_HOL
9T_V1BARPWR_4pt~Res,FEOLMOL_HOL
9T_V2BARPWR_4pt~Res,FEOLMOL_HOL
9T_V3BARPWR_4pt~Res,FEOLMOL_HOL
9T_M1_Cshape_4pt~Res,FEOLMOL_HOL
9T_M1PWR_4pt~Res,FEOLMOL_HOL
9T_M2signal_4pt~Res,FEOLMOL_HOL
9T_M3PWR_4pt~Res,FEOLMOL_HOL
9T_M3signal_4pt~Res,FEOLMOL_HOL
9T_M4PWR_4pt~Res,FEOLMOL_HOL
9T_V1V2PWR_4pt~Res,FEOLMOL_HOL
P10_CMBSRP_c1_D5_O~Open,FEOLMOL_HOL
P10_CMBSRP_c1_D5_S~Short,FEOLMOL_HOL
P10_CMBSRP_c1_M1_O~Open_0p3,FEOLMOL_HOL
P10_CMBSRP_c1_M1_S~Short_0p3,FEOLMOL_HOL
P10_CMBSRP_c1_M2_a_O~Open,FEOLMOL_HOL
P10_CMBSRP_c1_M2_a_S~Short,FEOLMOL_HOL
P10_CMBSRP_c1_M2_b_O~Open,FEOLMOL_HOL
P10_CMBSRP_c1_M2_b_S~Short,FEOLMOL_HOL
P10_CMBSRP_c1_M3_a_O~Open,FEOLMOL_HOL
P10_CMBSRP_c1_M3_a_S~Short,FEOLMOL_HOL
P10_CMBSRP_c1_M3_b_O~Open,FEOLMOL_HOL
P10_CMBSRP_c1_M3_b_S~Short,FEOLMOL_HOL
P10_CMBSRP_c1_M3_c_O~Open,FEOLMOL_HOL
P10_CMBSRP_c1_M3_c_S~Short,FEOLMOL_HOL
P10_CMBSRP_c1_M4_a_O~Open,FEOLMOL_HOL
P10_CMBSRP_c1_M4_a_S~Short,FEOLMOL_HOL
P10_CMBSRP_c1_M4_b_O~Open,FEOLMOL_HOL
P10_CMBSRP_c1_M4_b_S~Short,FEOLMOL_HOL
P10_CMBSRP_c2_D5_O~Open,FEOLMOL_HOL
P10_CMBSRP_c2_D5_S~Short,FEOLMOL_HOL
P10_CMBSRP_c2_M1_O~Open_0p3,FEOLMOL_HOL
P10_CMBSRP_c2_M1_S~Short_0p3,FEOLMOL_HOL
P10_CMBSRP_c2_M2_a_O~Open,FEOLMOL_HOL
P10_CMBSRP_c2_M2_a_S~Short,FEOLMOL_HOL
P10_CMBSRP_c2_M2_b_O~Open,FEOLMOL_HOL
P10_CMBSRP_c2_M2_b_S~Short,FEOLMOL_HOL
P10_CMBSRP_c2_M3_a_O~Open,FEOLMOL_HOL
P10_CMBSRP_c2_M3_a_S~Short,FEOLMOL_HOL
P10_CMBSRP_c2_M3_b_O~Open,FEOLMOL_HOL
P10_CMBSRP_c2_M3_b_S~Short,FEOLMOL_HOL
P10_CMBSRP_c2_M3_c_O~Open,FEOLMOL_HOL
P10_CMBSRP_c2_M3_c_S~Short,FEOLMOL_HOL
P10_CMBSRP_c2_M4_a_O~Open,FEOLMOL_HOL
P10_CMBSRP_c2_M4_a_S~Short,FEOLMOL_HOL
P10_CMBSRP_c2_M4_b_O~Open,FEOLMOL_HOL
P10_CMBSRP_c2_M4_b_S~Short,FEOLMOL_HOL
P10_CMBSRP_c3_D5_O~Open,FEOLMOL_HOL
P10_CMBSRP_c3_D5_S~Short,FEOLMOL_HOL
P10_CMBSRP_c3_M1_O~Open_0p3,FEOLMOL_HOL
P10_CMBSRP_c3_M1_S~Short_0p3,FEOLMOL_HOL
P10_CMBSRP_c3_M2_a_O~Open,FEOLMOL_HOL
P10_CMBSRP_c3_M2_a_S~Short,FEOLMOL_HOL
P10_CMBSRP_c3_M2_b_O~Open,FEOLMOL_HOL
P10_CMBSRP_c3_M2_b_S~Short,FEOLMOL_HOL
P10_CMBSRP_c3_M3_a_O~Open,FEOLMOL_HOL
P10_CMBSRP_c3_M3_a_S~Short,FEOLMOL_HOL
P10_CMBSRP_c3_M3_b_O~Open,FEOLMOL_HOL
P10_CMBSRP_c3_M3_b_S~Short,FEOLMOL_HOL
P10_CMBSRP_c3_M3_c_O~Open,FEOLMOL_HOL
P10_CMBSRP_c3_M3_c_S~Short,FEOLMOL_HOL
P10_CMBSRP_c3_M4_a_O~Open,FEOLMOL_HOL
P10_CMBSRP_c3_M4_a_S~Short,FEOLMOL_HOL
P10_CMBSRP_c3_M4_b_O~Open,FEOLMOL_HOL
P10_CMBSRP_c3_M4_b_S~Short,FEOLMOL_HOL
P10_CMBSRP_c4_D5_O~Open,FEOLMOL_HOL
P10_CMBSRP_c4_D5_S~Short,FEOLMOL_HOL
P10_CMBSRP_c4_M1_O~Open_0p3,FEOLMOL_HOL
P10_CMBSRP_c4_M1_S~Short_0p3,FEOLMOL_HOL
P10_CMBSRP_c4_M2_a_O~Open,FEOLMOL_HOL
P10_CMBSRP_c4_M2_a_S~Short,FEOLMOL_HOL
P10_CMBSRP_c4_M2_b_O~Open,FEOLMOL_HOL
P10_CMBSRP_c4_M2_b_S~Short,FEOLMOL_HOL
P10_CMBSRP_c4_M3_a_O~Open,FEOLMOL_HOL
P10_CMBSRP_c4_M3_a_S~Short,FEOLMOL_HOL
P10_CMBSRP_c4_M3_b_O~Open,FEOLMOL_HOL
P10_CMBSRP_c4_M3_b_S~Short,FEOLMOL_HOL
P10_CMBSRP_c4_M3_c_O~Open,FEOLMOL_HOL
P10_CMBSRP_c4_M3_c_S~Short,FEOLMOL_HOL
P10_CMBSRP_c4_M4_a_O~Open,FEOLMOL_HOL
P10_CMBSRP_c4_M4_a_S~Short,FEOLMOL_HOL
P10_CMBSRP_c4_M4_b_O~Open,FEOLMOL_HOL
P10_CMBSRP_c4_M4_b_S~Short,FEOLMOL_HOL
P10_CMBSRP_D5_O~Open,FEOLMOL_HOL
P10_CMBSRP_D5_S~Short,FEOLMOL_HOL
P10_CMBSRP_M1_O~Open_0p3,FEOLMOL_HOL
P10_CMBSRP_M1_S~Short_0p3,FEOLMOL_HOL
P10_CMBSRP_M2_a_O~Open,FEOLMOL_HOL
P10_CMBSRP_M2_a_S~Short,FEOLMOL_HOL
P10_CMBSRP_M2_b_O~Open,FEOLMOL_HOL
P10_CMBSRP_M2_b_S~Short,FEOLMOL_HOL
P10_CMBSRP_M3_a_O~Open,FEOLMOL_HOL
P10_CMBSRP_M3_a_S~Short,FEOLMOL_HOL
P10_CMBSRP_M3_b_O~Open,FEOLMOL_HOL
P10_CMBSRP_M3_b_S~Short,FEOLMOL_HOL
P10_CMBSRP_M3_c_O~Open,FEOLMOL_HOL
P10_CMBSRP_M3_c_S~Short,FEOLMOL_HOL
P10_CMBSRP_M4_a_O~Open,FEOLMOL_HOL
P10_CMBSRP_M4_a_S~Short,FEOLMOL_HOL
P10_CMBSRP_M4_b_O~Open,FEOLMOL_HOL
P10_CMBSRP_M4_b_S~Short,FEOLMOL_HOL
P10_VCHN_INT_01_c1_MD_a_CHNA~Open,FEOLMOL_HOL
P10_VCHN_INT_01_c1_MD_a_CHNB~Open,FEOLMOL_HOL
P10_VCHN_INT_01_c1_MD_a~Short,FEOLMOL_HOL
P10_VCHN_INT_01_c1_MD_b_CHNA~Open,FEOLMOL_HOL
P10_VCHN_INT_01_c1_MD_b_CHNB~Open,FEOLMOL_HOL
P10_VCHN_INT_01_c1_MD_b~Short,FEOLMOL_HOL
P10_VCHN_INT_01_c1_V0_a_CHNA~Open,FEOLMOL_HOL
P10_VCHN_INT_01_c1_V0_a_CHNB~Open,FEOLMOL_HOL
P10_VCHN_INT_01_c1_V0_a~Short,FEOLMOL_HOL
P10_VCHN_INT_01_c1_V0_b_CHNA~Open,FEOLMOL_HOL
P10_VCHN_INT_01_c1_V0_b_CHNB~Open,FEOLMOL_HOL
P10_VCHN_INT_01_c1_V0_b~Short,FEOLMOL_HOL
P10_VCHN_INT_01_c1_V2_a_CHNA~Open,FEOLMOL_HOL
P10_VCHN_INT_01_c1_V2_a_CHNB~Open,FEOLMOL_HOL
P10_VCHN_INT_01_c1_V2_a~Short,FEOLMOL_HOL
P10_VCHN_INT_01_c1_V2_b_CHNA~Open,FEOLMOL_HOL
P10_VCHN_INT_01_c1_V2_b_CHNB~Open,FEOLMOL_HOL
P10_VCHN_INT_01_c1_V2_b~Short,FEOLMOL_HOL
P10_VCHN_INT_01_MD_a_CHNA~Open,FEOLMOL_HOL
P10_VCHN_INT_01_MD_a_CHNB~Open,FEOLMOL_HOL
P10_VCHN_INT_01_MD_a~Short,FEOLMOL_HOL
P10_VCHN_INT_01_MD_b_CHNA~Open,FEOLMOL_HOL
P10_VCHN_INT_01_MD_b_CHNB~Open,FEOLMOL_HOL
P10_VCHN_INT_01_MD_b~Short,FEOLMOL_HOL
P10_VCHN_INT_01_V0_a_CHNA~Open,FEOLMOL_HOL
P10_VCHN_INT_01_V0_a_CHNB~Open,FEOLMOL_HOL
P10_VCHN_INT_01_V0_a~Short,FEOLMOL_HOL
P10_VCHN_INT_01_V0_b_CHNA~Open,FEOLMOL_HOL
P10_VCHN_INT_01_V0_b_CHNB~Open,FEOLMOL_HOL
P10_VCHN_INT_01_V0_b~Short,FEOLMOL_HOL
P10_VCHN_INT_01_V2_a_CHNA~Open,FEOLMOL_HOL
P10_VCHN_INT_01_V2_a_CHNB~Open,FEOLMOL_HOL
P10_VCHN_INT_01_V2_a~Short,FEOLMOL_HOL
P10_VCHN_INT_01_V2_b_CHNA~Open,FEOLMOL_HOL
P10_VCHN_INT_01_V2_b_CHNB~Open,FEOLMOL_HOL
P10_VCHN_INT_01_V2_b~Short,FEOLMOL_HOL
P10_VCHN_INT_02_c1_V1_a_CHNA~Open,FEOLMOL_HOL
P10_VCHN_INT_02_c1_V1_a_CHNB~Open,FEOLMOL_HOL
P10_VCHN_INT_02_c1_V1_a~Short,FEOLMOL_HOL
P10_VCHN_INT_02_c1_V1_b_CHNA~Open,FEOLMOL_HOL
P10_VCHN_INT_02_c1_V1_b_CHNB~Open,FEOLMOL_HOL
P10_VCHN_INT_02_c1_V1_b~Short,FEOLMOL_HOL
P10_VCHN_INT_02_c1_V1_c_CHNA~Open,FEOLMOL_HOL
P10_VCHN_INT_02_c1_V1_c_CHNB~Open,FEOLMOL_HOL
P10_VCHN_INT_02_c1_V1_c~Short,FEOLMOL_HOL
P10_VCHN_INT_02_c1_V3_a_CHNA~Open,FEOLMOL_HOL
P10_VCHN_INT_02_c1_V3_a_CHNB~Open,FEOLMOL_HOL
P10_VCHN_INT_02_c1_V3_a~Short,FEOLMOL_HOL
P10_VCHN_INT_02_c1_V3_b_CHNA~Open,FEOLMOL_HOL
P10_VCHN_INT_02_c1_V3_b_CHNB~Open,FEOLMOL_HOL
P10_VCHN_INT_02_c1_V3_b~Short,FEOLMOL_HOL
P10_VCHN_INT_02_V1_a_CHNA~Open,FEOLMOL_HOL
P10_VCHN_INT_02_V1_a_CHNB~Open,FEOLMOL_HOL
P10_VCHN_INT_02_V1_a~Short,FEOLMOL_HOL
P10_VCHN_INT_02_V1_b_CHNA~Open,FEOLMOL_HOL
P10_VCHN_INT_02_V1_b_CHNB~Open,FEOLMOL_HOL
P10_VCHN_INT_02_V1_b~Short,FEOLMOL_HOL
P10_VCHN_INT_02_V1_c_CHNA~Open,FEOLMOL_HOL
P10_VCHN_INT_02_V1_c_CHNB~Open,FEOLMOL_HOL
P10_VCHN_INT_02_V1_c~Short,FEOLMOL_HOL
P10_VCHN_INT_02_V3_a_CHNA~Open,FEOLMOL_HOL
P10_VCHN_INT_02_V3_a_CHNB~Open,FEOLMOL_HOL
P10_VCHN_INT_02_V3_a~Short,FEOLMOL_HOL
P10_VCHN_INT_02_V3_b_CHNA~Open,FEOLMOL_HOL
P10_VCHN_INT_02_V3_b_CHNB~Open,FEOLMOL_HOL
P10_VCHN_INT_02_V3_b~Short,FEOLMOL_HOL
SR_V07_D01_GNDCA_epi_M2Ch~OpenG1,FEOLMOL_HOL
SR_V07_D02_GNDCA_epi_M2Ch_CA17~OpenG1,FEOLMOL_HOL
SR_V07_D03_GNDCA_epi_M2Ch_CA16~OpenG1,FEOLMOL_HOL
SR_V07_D05_GNDCA_epi_M2Ch_rvt~OpenG1,FEOLMOL_HOL
SR_V07_D06_GNDCA_epi_M2Ch_hdop~OpenG1,FEOLMOL_HOL
SR_V07_D07_GNDCA_epi_M2Ch_sml~OpenG1,FEOLMOL_HOL
SR_V07_D08_GNDCA_epi_M2Ch_noCT~OpenG1,FEOLMOL_HOL
SR_V07_D17_GNDCA_epi_PCM2Ch~OpenG1,FEOLMOL_HOL
SR_V08_D01_VDDCA_epi_M2Ch_c0~OpenG2,FEOLMOL_HOL
SR_V08_D02_VDDCA_epi_M2Ch_CA17~OpenG2,FEOLMOL_HOL
SR_V08_D03_VDDCA_epi_M2Ch_CA16~OpenG2,FEOLMOL_HOL
SR_V08_D04_VDDCA_epi_M2Ch_c1~OpenG2,FEOLMOL_HOL
SR_V08_D06_VDDCA_epi_M2Ch_rvt~OpenG2,FEOLMOL_HOL
SR_V08_D07_VDDCA_epi_M2Ch_hdop~OpenG2,FEOLMOL_HOL
SR_V08_D08_VDDCA_epi_M2Ch_sml~OpenG2,FEOLMOL_HOL
SR_V08_D17_VDDCA_epi_PCM2Ch~OpenG2,FEOLMOL_HOL
M1PWR_w42s18_4pt~Res,FEOLMOL_HOL
M1PWR_w42s22_4pt~Res,FEOLMOL_HOL
M1PWR_w42s24_4pt~Res,FEOLMOL_HOL
M1PWR_w42s26_4pt~Res,FEOLMOL_HOL
M3PWR_w36s21_4pt~Res,FEOLMOL_HOL
M3PWR_w36s33_4pt~Res,FEOLMOL_HOL
M3PWR_w36s62_4pt~Res,FEOLMOL_HOL
M3_w24s16_4pt~Res,FEOLMOL_HOL
M4PWR_w60s23_4pt~Res,FEOLMOL_HOL
M4PWR_w60s29_4pt~Res,FEOLMOL_HOL
M4PWR_w60s22_4pt~Res,FEOLMOL_HOL
M4PWR_w60s67_4pt~Res,FEOLMOL_HOL
AIO_M17_D01_SRWL2ND_CAm6~Short,FEOLMOL_HOL
AIO_M17_D02_SRWL2ND_CAm5p5~Short,FEOLMOL_HOL
AIO_M17_D03_SRWL2ND_CAm5~Short,FEOLMOL_HOL
AIO_M17_D04_SRWL2ND_CAm4p5~Short,FEOLMOL_HOL
AIO_M17_D05_SRWL2ND_CAm4~Short,FEOLMOL_HOL
AIO_M17_D06_SRWL2ND_CAm3p5~Short,FEOLMOL_HOL
AIO_M17_D07_SRWL2ND_CAm3~Short,FEOLMOL_HOL
AIO_M17_D08_SRWL2ND_CAm2~Short,FEOLMOL_HOL
AIO_M17_D09_SRWL2ND_CAm1~Short,FEOLMOL_HOL
AIO_M17_D10_SRWL2ND_CAnom~Short,FEOLMOL_HOL
AIO_M17_D11_SRWL2ND_CAp1~Short,FEOLMOL_HOL
AIO_M17_D12_SRWL2ND_CAp2~Short,FEOLMOL_HOL
AIO_M17_D13_SRWL2ND_CAp3~Short,FEOLMOL_HOL
AIO_M17_D14_SRWL2ND_CAp3p5~Short,FEOLMOL_HOL
AIO_M17_D15_SRWL2ND_CAp4~Short,FEOLMOL_HOL
AIO_M17_D16_SRWL2ND_CAp4p5~Short,FEOLMOL_HOL
AIO_M17_D17_SRWL2ND_CAp5~Short,FEOLMOL_HOL
AIO_M17_D18_SRWL2ND_CAp5p5~Short,FEOLMOL_HOL
AIO_M17_D19_SRWL2ND_CAp6~Short,FEOLMOL_HOL
AIO_M18_D01_SRWL2ND_CAm6~Short,FEOLMOL_HOL
AIO_M18_D02_SRWL2ND_CAm5p5~Short,FEOLMOL_HOL
AIO_M18_D03_SRWL2ND_CAm5~Short,FEOLMOL_HOL
AIO_M18_D04_SRWL2ND_CAm4p5~Short,FEOLMOL_HOL
AIO_M18_D05_SRWL2ND_CAm4~Short,FEOLMOL_HOL
AIO_M18_D06_SRWL2ND_CAm3p5~Short,FEOLMOL_HOL
AIO_M18_D07_SRWL2ND_CAm3~Short,FEOLMOL_HOL
AIO_M18_D08_SRWL2ND_CAm2~Short,FEOLMOL_HOL
AIO_M18_D09_SRWL2ND_CAm1~Short,FEOLMOL_HOL
AIO_M18_D10_SRWL2ND_CAnom~Short,FEOLMOL_HOL
AIO_M18_D11_SRWL2ND_CAp1~Short,FEOLMOL_HOL
AIO_M18_D12_SRWL2ND_CAp2~Short,FEOLMOL_HOL
AIO_M18_D13_SRWL2ND_CAp3~Short,FEOLMOL_HOL
AIO_M18_D14_SRWL2ND_CAp3p5~Short,FEOLMOL_HOL
AIO_M18_D15_SRWL2ND_CAp4~Short,FEOLMOL_HOL
AIO_M18_D16_SRWL2ND_CAp4p5~Short,FEOLMOL_HOL
AIO_M18_D17_SRWL2ND_CAp5~Short,FEOLMOL_HOL
AIO_M18_D18_SRWL2ND_CAp5p5~Short,FEOLMOL_HOL
AIO_M18_D19_SRWL2ND_CAp6~Short,FEOLMOL_HOL
AIO_M19_D01_SRWL2ND_CAm6~Short,FEOLMOL_HOL
AIO_M19_D02_SRWL2ND_CAm5p5~Short,FEOLMOL_HOL
AIO_M19_D03_SRWL2ND_CAm5~Short,FEOLMOL_HOL
AIO_M19_D04_SRWL2ND_CAm4p5~Short,FEOLMOL_HOL
AIO_M19_D05_SRWL2ND_CAm4~Short,FEOLMOL_HOL
AIO_M19_D06_SRWL2ND_CAm3p5~Short,FEOLMOL_HOL
AIO_M19_D07_SRWL2ND_CAm3~Short,FEOLMOL_HOL
AIO_M19_D08_SRWL2ND_CAm2~Short,FEOLMOL_HOL
AIO_M19_D09_SRWL2ND_CAm1~Short,FEOLMOL_HOL
AIO_M19_D10_SRWL2ND_CAnom~Short,FEOLMOL_HOL
AIO_M19_D11_SRWL2ND_CAp1~Short,FEOLMOL_HOL
AIO_M19_D12_SRWL2ND_CAp2~Short,FEOLMOL_HOL
AIO_M19_D13_SRWL2ND_CAp3~Short,FEOLMOL_HOL
AIO_M19_D14_SRWL2ND_CAp3p5~Short,FEOLMOL_HOL
AIO_M19_D15_SRWL2ND_CAp4~Short,FEOLMOL_HOL
AIO_M19_D16_SRWL2ND_CAp4p5~Short,FEOLMOL_HOL
AIO_M19_D17_SRWL2ND_CAp5~Short,FEOLMOL_HOL
AIO_M19_D18_SRWL2ND_CAp5p5~Short,FEOLMOL_HOL
AIO_M19_D19_SRWL2ND_CAp6~Short,FEOLMOL_HOL
AIO_M20_D01_SRWL2ND_CAm6~Short,FEOLMOL_HOL
AIO_M20_D02_SRWL2ND_CAm5p5~Short,FEOLMOL_HOL
AIO_M20_D03_SRWL2ND_CAm5~Short,FEOLMOL_HOL
AIO_M20_D04_SRWL2ND_CAm4p5~Short,FEOLMOL_HOL
AIO_M20_D05_SRWL2ND_CAm4~Short,FEOLMOL_HOL
AIO_M20_D06_SRWL2ND_CAm3p5~Short,FEOLMOL_HOL
AIO_M20_D07_SRWL2ND_CAm3~Short,FEOLMOL_HOL
AIO_M20_D08_SRWL2ND_CAm2~Short,FEOLMOL_HOL
AIO_M20_D09_SRWL2ND_CAm1~Short,FEOLMOL_HOL
AIO_M20_D10_SRWL2ND_CAnom~Short,FEOLMOL_HOL
AIO_M20_D11_SRWL2ND_CAp1~Short,FEOLMOL_HOL
AIO_M20_D12_SRWL2ND_CAp2~Short,FEOLMOL_HOL
AIO_M20_D13_SRWL2ND_CAp3~Short,FEOLMOL_HOL
AIO_M20_D14_SRWL2ND_CAp3p5~Short,FEOLMOL_HOL
AIO_M20_D15_SRWL2ND_CAp4~Short,FEOLMOL_HOL
AIO_M20_D16_SRWL2ND_CAp4p5~Short,FEOLMOL_HOL
AIO_M20_D17_SRWL2ND_CAp5~Short,FEOLMOL_HOL
AIO_M20_D18_SRWL2ND_CAp5p5~Short,FEOLMOL_HOL
AIO_M20_D19_SRWL2ND_CAp6~Short,FEOLMOL_HOL
CBPC_AM02_D01_canyon_RtoL05~Short,FEOLMOL_HOL
CBPC_AM02_D02_canyon_RtoL06~Short,FEOLMOL_HOL
CBPC_AM02_D03_canyon_RtoL07~Short,FEOLMOL_HOL
CBPC_AM02_D04_canyon_RtoL08~Short,FEOLMOL_HOL
CBPC_AM02_D05_canyon_RtoL09~Short,FEOLMOL_HOL
CBPC_AM02_D06_canyon_RtoL10~Short,FEOLMOL_HOL
CBPC_AM02_D07_canyon_RtoL11~Short,FEOLMOL_HOL
CBPC_AM02_D08_canyon_RtoL12~Short,FEOLMOL_HOL
CBPC_AM02_D09_canyon_RtoL13~Short,FEOLMOL_HOL
CBPC_AM02_D10_canyon_RtoL14~Short,FEOLMOL_HOL
CBPC_AM02_D11_refA~Short,FEOLMOL_HOL
CBPC_AM02_D12_mndrl_LtoR14~Short,FEOLMOL_HOL
CBPC_AM02_D13_mndrl_LtoR13~Short,FEOLMOL_HOL
CBPC_AM02_D14_mndrl_LtoR12~Short,FEOLMOL_HOL
CBPC_AM02_D15_mndrl_LtoR11~Short,FEOLMOL_HOL
CBPC_AM02_D16_mndrl_LtoR10~Short,FEOLMOL_HOL
CBPC_AM02_D17_mndrl_LtoR09~Short,FEOLMOL_HOL
CBPC_AM02_D18_mndrl_LtoR08~Short,FEOLMOL_HOL
CBPC_AM02_D19_mndrl_LtoR07~Short,FEOLMOL_HOL
CBPC_AM02_D20_mndrl_LtoR06~Short,FEOLMOL_HOL
CBPC_AM02_D21_mndrl_LtoR05~Short,FEOLMOL_HOL
CBPC_AM02_D22_mndrl_RtoL05~Short,FEOLMOL_HOL
CBPC_AM02_D23_mndrl_RtoL06~Short,FEOLMOL_HOL
CBPC_AM02_D24_mndrl_RtoL07~Short,FEOLMOL_HOL
CBPC_AM02_D25_mndrl_RtoL08~Short,FEOLMOL_HOL
CBPC_AM02_D26_mndrl_RtoL09~Short,FEOLMOL_HOL
CBPC_AM02_D27_mndrl_RtoL10~Short,FEOLMOL_HOL
CBPC_AM02_D28_mndrl_RtoL11~Short,FEOLMOL_HOL
CBPC_AM02_D29_mndrl_RtoL12~Short,FEOLMOL_HOL
CBPC_AM02_D30_mndrl_RtoL13~Short,FEOLMOL_HOL
CBPC_AM02_D31_mndrl_RtoL14~Short,FEOLMOL_HOL
CBPC_AM02_D32_refB~Short,FEOLMOL_HOL
CBPC_AM02_D33_canyon_LtoR14~Short,FEOLMOL_HOL
CBPC_AM02_D34_canyon_LtoR13~Short,FEOLMOL_HOL
CBPC_AM02_D35_canyon_LtoR12~Short,FEOLMOL_HOL
CBPC_AM02_D36_canyon_LtoR11~Short,FEOLMOL_HOL
CBPC_AM02_D37_canyon_LtoR10~Short,FEOLMOL_HOL
CBPC_AM02_D38_canyon_LtoR09~Short,FEOLMOL_HOL
CBPC_AM02_D39_canyon_LtoR08~Short,FEOLMOL_HOL
CBPC_AM02_D40_canyon_LtoR07~Short,FEOLMOL_HOL
CBPC_AM02_D41_canyon_LtoR06~Short,FEOLMOL_HOL
CBPC_AM02_D42_canyon_LtoR05~Short,FEOLMOL_HOL
CAPC_AM01_D01_60cpp_SP_m10~Short,FEOLMOL_HOL
CAPC_AM01_D02_54cpp_SP_m8~Short,FEOLMOL_HOL
CAPC_AM01_D03_60cpp_SP_m9~Short,FEOLMOL_HOL
CAPC_AM01_D04_54cpp_SP_m7~Short,FEOLMOL_HOL
CAPC_AM01_D05_60cpp_SP_m8~Short,FEOLMOL_HOL
CAPC_AM01_D06_54cpp_SP_m6~Short,FEOLMOL_HOL
CAPC_AM01_D07_60cpp_SP_m7~Short,FEOLMOL_HOL
CAPC_AM01_D08_54cpp_SP_m5~Short,FEOLMOL_HOL
CAPC_AM01_D09_60cpp_SP_m6~Short,FEOLMOL_HOL
CAPC_AM01_D10_54cpp_SP_m4~Short,FEOLMOL_HOL
CAPC_AM01_D11_60cpp_SP_nom~Short,FEOLMOL_HOL
CAPC_AM01_D12_54cpp_SP_nom~Short,FEOLMOL_HOL
CAPC_AM01_D13_60cpp_SP_p6~Short,FEOLMOL_HOL
CAPC_AM01_D14_54cpp_SP_p4~Short,FEOLMOL_HOL
CAPC_AM01_D15_60cpp_SP_p7~Short,FEOLMOL_HOL
CAPC_AM01_D16_54cpp_SP_p5~Short,FEOLMOL_HOL
CAPC_AM01_D17_60cpp_SP_p8~Short,FEOLMOL_HOL
CAPC_AM01_D18_54cpp_SP_p6~Short,FEOLMOL_HOL
CAPC_AM01_D19_60cpp_SP_p9~Short,FEOLMOL_HOL
CAPC_AM01_D20_54cpp_SP_p7~Short,FEOLMOL_HOL
CAPC_AM01_D21_60cpp_SP_p10~Short,FEOLMOL_HOL
CAPC_AM01_D22_54cpp_SP_p8~Short,FEOLMOL_HOL
CAPC_AM01D23_60cpp_SP_13toACT_m10~Short,FEOLMOL_HOL
CAPC_AM01_D24_54cpp_SP_13toACT_m8~Short,FEOLMOL_HOL
CAPC_AM01_D25_60cpp_SP_13toACT_m9~Short,FEOLMOL_HOL
CAPC_AM01_D26_54cpp_SP_13toACT_m7~Short,FEOLMOL_HOL
CAPC_AM01_D27_60cpp_SP_13toACT_m8~Short,FEOLMOL_HOL
CAPC_AM01_D28_54cpp_SP_13toACT_m6~Short,FEOLMOL_HOL
CAPC_AM01_D29_60cpp_SP_13toACT_m7~Short,FEOLMOL_HOL
CAPC_AM01_D30_54cpp_SP_13toACT_m5~Short,FEOLMOL_HOL
CAPC_AM01_D31_60cpp_SP_13toACT_m6~Short,FEOLMOL_HOL
CAPC_AM01_D32_54cpp_SP_13toACT_m4~Short,FEOLMOL_HOL
CAPC_AM01_D33_60cpp_SP_13toACT_p6~Short,FEOLMOL_HOL
CAPC_AM01_D34_54cpp_SP_13toACT_p4~Short,FEOLMOL_HOL
CAPC_AM01_D35_60cpp_SP_13toACT_p7~Short,FEOLMOL_HOL
CAPC_AM01_D36_54cpp_SP_13toACT_p5~Short,FEOLMOL_HOL
CAPC_AM01_D37_60cpp_SP_13toACT_p8~Short,FEOLMOL_HOL
CAPC_AM01_D38_54cpp_SP_13toACT_p6~Short,FEOLMOL_HOL
CAPC_AM01_D39_60cpp_SP_13toACT_p9~Short,FEOLMOL_HOL
CAPC_AM01_D40_54cpp_SP_13toACT_p7~Short,FEOLMOL_HOL
CAPC_AM01D41_60cpp_SP_13toACT_p10~Short,FEOLMOL_HOL
CAPC_AM01_D42_54cpp_SP_13toACT_p8~Short,FEOLMOL_HOL
CAPC_AM02_D01_54cpp_SP_m8_endCT~Short,FEOLMOL_HOL
CAPC_AM02_D02_54cpp_SP_m7_endCT~Short,FEOLMOL_HOL
CAPC_AM02_D03_54cpp_SP_m6_endCT~Short,FEOLMOL_HOL
CAPC_AM02_D04_54cpp_SP_m5_endCT~Short,FEOLMOL_HOL
CAPC_AM02_D05_54cpp_SP_m4_endCT~Short,FEOLMOL_HOL
CAPC_AM02_D06_54cpp_SP_nom_endCT~Short,FEOLMOL_HOL
CAPC_AM02_D07_54cpp_SP_p4_endCT~Short,FEOLMOL_HOL
CAPC_AM02_D08_54cpp_SP_p5_endCT~Short,FEOLMOL_HOL
CAPC_AM02_D09_54cpp_SP_p6_endCT~Short,FEOLMOL_HOL
CAPC_AM02_D10_54cpp_SP_p7_endCT~Short,FEOLMOL_HOL
CAPC_AM02_D11_54cpp_SP_p8_endCT~Short,FEOLMOL_HOL
CAPC_AM02_D12_54cpp_SP_m8_endCT~Short,FEOLMOL_HOL
CAPC_AM02_D13_54cpp_SP_m7_endCT~Short,FEOLMOL_HOL
CAPC_AM02_D14_54cpp_SP_m6_endCT~Short,FEOLMOL_HOL
CAPC_AM02_D15_54cpp_SP_m5_endCT~Short,FEOLMOL_HOL
CAPC_AM02_D16_54cpp_SP_m4_endCT~Short,FEOLMOL_HOL
CAPC_AM02_D17_54cpp_SP_nom_endCT~Short,FEOLMOL_HOL
CAPC_AM02_D18_54cpp_SP_p4_endCT~Short,FEOLMOL_HOL
CAPC_AM02_D19_54cpp_SP_p5_endCT~Short,FEOLMOL_HOL
CAPC_AM02_D20_54cpp_SP_p6_endCT~Short,FEOLMOL_HOL
CAPC_AM02_D21_54cpp_SP_p7_endCT~Short,FEOLMOL_HOL
CAPC_AM02_D22_54cpp_SP_p8_endCT~Short,FEOLMOL_HOL
CAPC_AM02_D23_54cpp_SP_m8_noCT~Short,FEOLMOL_HOL
CAPC_AM02_D24_54cpp_SP_m7_noCT~Short,FEOLMOL_HOL
CAPC_AM02_D25_54cpp_SP_m6_noCT~Short,FEOLMOL_HOL
CAPC_AM02_D26_54cpp_SP_m5_noCT~Short,FEOLMOL_HOL
CAPC_AM02_D27_54cpp_SP_m4_noCT~Short,FEOLMOL_HOL
CAPC_AM02_D28_54cpp_SP_p4_noCT~Short,FEOLMOL_HOL
CAPC_AM02_D29_54cpp_SP_p5_noCT~Short,FEOLMOL_HOL
CAPC_AM02_D30_54cpp_SP_p6_noCT~Short,FEOLMOL_HOL
CAPC_AM02_D31_54cpp_SP_p7_noCT~Short,FEOLMOL_HOL
CAPC_AM02_D32_54cpp_SP_p8_noCT~Short,FEOLMOL_HOL
CAPC_AM02_D33_54cpp_SP_m8_noCT~Short,FEOLMOL_HOL
CAPC_AM02_D34_54cpp_SP_m7_noCT~Short,FEOLMOL_HOL
CAPC_AM02_D35_54cpp_SP_m6_noCT~Short,FEOLMOL_HOL
CAPC_AM02_D36_54cpp_SP_m5_noCT~Short,FEOLMOL_HOL
CAPC_AM02_D37_54cpp_SP_m4_noCT~Short,FEOLMOL_HOL
CAPC_AM02_D38_54cpp_SP_p4_noCT~Short,FEOLMOL_HOL
CAPC_AM02_D39_54cpp_SP_p5_noCT~Short,FEOLMOL_HOL
CAPC_AM02_D40_54cpp_SP_p6_noCT~Short,FEOLMOL_HOL
CAPC_AM02_D41_54cpp_SP_p7_noCT~Short,FEOLMOL_HOL
CAPC_AM02_D42_54cpp_SP_p8_noCT~Short,FEOLMOL_HOL
AIO_V21_D01_SRWL2ND_CAm6~Short,FEOLMOL_HOL
AIO_V21_D02_SRWL2ND_CAm5p5~Short,FEOLMOL_HOL
AIO_V21_D03_SRWL2ND_CAm5~Short,FEOLMOL_HOL
AIO_V21_D04_SRWL2ND_CAm4p5~Short,FEOLMOL_HOL
AIO_V21_D05_SRWL2ND_CAm4~Short,FEOLMOL_HOL
AIO_V21_D06_SRWL2ND_CAm3p5~Short,FEOLMOL_HOL
AIO_V21_D07_SRWL2ND_CAm3~Short,FEOLMOL_HOL
AIO_V21_D08_SRWL2ND_CAm2~Short,FEOLMOL_HOL
AIO_V21_D09_SRWL2ND_CAm1~Short,FEOLMOL_HOL
AIO_V21_D10_SRWL2ND_CAnom~Short,FEOLMOL_HOL
AIO_V21_D11_SRWL2ND_CAp1~Short,FEOLMOL_HOL
AIO_V21_D12_SRWL2ND_CAp2~Short,FEOLMOL_HOL
AIO_V21_D13_SRWL2ND_CAp3~Short,FEOLMOL_HOL
AIO_V21_D14_SRWL2ND_CAp3p5~Short,FEOLMOL_HOL
AIO_V21_D15_SRWL2ND_CAp4~Short,FEOLMOL_HOL
AIO_V21_D16_SRWL2ND_CAp4p5~Short,FEOLMOL_HOL
AIO_V21_D17_SRWL2ND_CAp5~Short,FEOLMOL_HOL
AIO_V21_D18_SRWL2ND_CAp5p5~Short,FEOLMOL_HOL
AIO_V21_D19_SRWL2ND_CAp6~Short,FEOLMOL_HOL
AIO_V22_D01_SRWL2ND_CAm6~Short,FEOLMOL_HOL
AIO_V22_D02_SRWL2ND_CAm5p5~Short,FEOLMOL_HOL
AIO_V22_D03_SRWL2ND_CAm5~Short,FEOLMOL_HOL
AIO_V22_D04_SRWL2ND_CAm4p5~Short,FEOLMOL_HOL
AIO_V22_D05_SRWL2ND_CAm4~Short,FEOLMOL_HOL
AIO_V22_D06_SRWL2ND_CAm3p5~Short,FEOLMOL_HOL
AIO_V22_D07_SRWL2ND_CAm3~Short,FEOLMOL_HOL
AIO_V22_D08_SRWL2ND_CAm2~Short,FEOLMOL_HOL
AIO_V22_D09_SRWL2ND_CAm1~Short,FEOLMOL_HOL
AIO_V22_D10_SRWL2ND_CAnom~Short,FEOLMOL_HOL
AIO_V22_D11_SRWL2ND_CAp1~Short,FEOLMOL_HOL
AIO_V22_D12_SRWL2ND_CAp2~Short,FEOLMOL_HOL
AIO_V22_D13_SRWL2ND_CAp3~Short,FEOLMOL_HOL
AIO_V22_D14_SRWL2ND_CAp3p5~Short,FEOLMOL_HOL
AIO_V22_D15_SRWL2ND_CAp4~Short,FEOLMOL_HOL
AIO_V22_D16_SRWL2ND_CAp4p5~Short,FEOLMOL_HOL
AIO_V22_D17_SRWL2ND_CAp5~Short,FEOLMOL_HOL
AIO_V22_D18_SRWL2ND_CAp5p5~Short,FEOLMOL_HOL
AIO_V22_D19_SRWL2ND_CAp6~Short,FEOLMOL_HOL
AIO_V23_D01_SRWL2ND_CAm6~Short,FEOLMOL_HOL
AIO_V23_D02_SRWL2ND_CAm5p5~Short,FEOLMOL_HOL
AIO_V23_D03_SRWL2ND_CAm5~Short,FEOLMOL_HOL
AIO_V23_D04_SRWL2ND_CAm4p5~Short,FEOLMOL_HOL
AIO_V23_D05_SRWL2ND_CAm4~Short,FEOLMOL_HOL
AIO_V23_D06_SRWL2ND_CAm3p5~Short,FEOLMOL_HOL
AIO_V23_D07_SRWL2ND_CAm3~Short,FEOLMOL_HOL
AIO_V23_D08_SRWL2ND_CAm2~Short,FEOLMOL_HOL
AIO_V23_D09_SRWL2ND_CAm1~Short,FEOLMOL_HOL
AIO_V23_D10_SRWL2ND_CAnom~Short,FEOLMOL_HOL
AIO_V23_D11_SRWL2ND_CAp1~Short,FEOLMOL_HOL
AIO_V23_D12_SRWL2ND_CAp2~Short,FEOLMOL_HOL
AIO_V23_D13_SRWL2ND_CAp3~Short,FEOLMOL_HOL
AIO_V23_D14_SRWL2ND_CAp3p5~Short,FEOLMOL_HOL
AIO_V23_D15_SRWL2ND_CAp4~Short,FEOLMOL_HOL
AIO_V23_D16_SRWL2ND_CAp4p5~Short,FEOLMOL_HOL
AIO_V23_D17_SRWL2ND_CAp5~Short,FEOLMOL_HOL
AIO_V23_D18_SRWL2ND_CAp5p5~Short,FEOLMOL_HOL
AIO_V23_D19_SRWL2ND_CAp6~Short,FEOLMOL_HOL
AIO_V24_D01_SRWL2ND_CAm6~Short,FEOLMOL_HOL
AIO_V24_D02_SRWL2ND_CAm5p5~Short,FEOLMOL_HOL
AIO_V24_D03_SRWL2ND_CAm5~Short,FEOLMOL_HOL
AIO_V24_D04_SRWL2ND_CAm4p5~Short,FEOLMOL_HOL
AIO_V24_D05_SRWL2ND_CAm4~Short,FEOLMOL_HOL
AIO_V24_D06_SRWL2ND_CAm3p5~Short,FEOLMOL_HOL
AIO_V24_D07_SRWL2ND_CAm3~Short,FEOLMOL_HOL
AIO_V24_D08_SRWL2ND_CAm2~Short,FEOLMOL_HOL
AIO_V24_D09_SRWL2ND_CAm1~Short,FEOLMOL_HOL
AIO_V24_D10_SRWL2ND_CAnom~Short,FEOLMOL_HOL
AIO_V24_D11_SRWL2ND_CAp1~Short,FEOLMOL_HOL
AIO_V24_D12_SRWL2ND_CAp2~Short,FEOLMOL_HOL
AIO_V24_D13_SRWL2ND_CAp3~Short,FEOLMOL_HOL
AIO_V24_D14_SRWL2ND_CAp3p5~Short,FEOLMOL_HOL
AIO_V24_D15_SRWL2ND_CAp4~Short,FEOLMOL_HOL
AIO_V24_D16_SRWL2ND_CAp4p5~Short,FEOLMOL_HOL
AIO_V24_D17_SRWL2ND_CAp5~Short,FEOLMOL_HOL
AIO_V24_D18_SRWL2ND_CAp5p5~Short,FEOLMOL_HOL
AIO_V24_D19_SRWL2ND_CAp6~Short,FEOLMOL_HOL
AIO_V25_D01_SRWL2ND_CAm6~Short,FEOLMOL_HOL
AIO_V25_D02_SRWL2ND_CAm5p5~Short,FEOLMOL_HOL
AIO_V25_D03_SRWL2ND_CAm5~Short,FEOLMOL_HOL
AIO_V25_D04_SRWL2ND_CAm4p5~Short,FEOLMOL_HOL
AIO_V25_D05_SRWL2ND_CAm4~Short,FEOLMOL_HOL
AIO_V25_D06_SRWL2ND_CAm3p5~Short,FEOLMOL_HOL
AIO_V25_D07_SRWL2ND_CAm3~Short,FEOLMOL_HOL
AIO_V25_D08_SRWL2ND_CAm2~Short,FEOLMOL_HOL
AIO_V25_D09_SRWL2ND_CAm1~Short,FEOLMOL_HOL
AIO_V25_D10_SRWL2ND_CAnom~Short,FEOLMOL_HOL
AIO_V25_D11_SRWL2ND_CAp1~Short,FEOLMOL_HOL
AIO_V25_D12_SRWL2ND_CAp2~Short,FEOLMOL_HOL
AIO_V25_D13_SRWL2ND_CAp3~Short,FEOLMOL_HOL
AIO_V25_D14_SRWL2ND_CAp3p5~Short,FEOLMOL_HOL
AIO_V25_D15_SRWL2ND_CAp4~Short,FEOLMOL_HOL
AIO_V25_D16_SRWL2ND_CAp4p5~Short,FEOLMOL_HOL
AIO_V25_D17_SRWL2ND_CAp5~Short,FEOLMOL_HOL
AIO_V25_D18_SRWL2ND_CAp5p5~Short,FEOLMOL_HOL
AIO_V25_D19_SRWL2ND_CAp6~Short,FEOLMOL_HOL
AIO_V26_D01_SRWL2ND_CAm6~Short,FEOLMOL_HOL
AIO_V26_D02_SRWL2ND_CAm5p5~Short,FEOLMOL_HOL
AIO_V26_D03_SRWL2ND_CAm5~Short,FEOLMOL_HOL
AIO_V26_D04_SRWL2ND_CAm4p5~Short,FEOLMOL_HOL
AIO_V26_D05_SRWL2ND_CAm4~Short,FEOLMOL_HOL
AIO_V26_D06_SRWL2ND_CAm3p5~Short,FEOLMOL_HOL
AIO_V26_D07_SRWL2ND_CAm3~Short,FEOLMOL_HOL
AIO_V26_D08_SRWL2ND_CAm2~Short,FEOLMOL_HOL
AIO_V26_D09_SRWL2ND_CAm1~Short,FEOLMOL_HOL
AIO_V26_D10_SRWL2ND_CAnom~Short,FEOLMOL_HOL
AIO_V26_D11_SRWL2ND_CAp1~Short,FEOLMOL_HOL
AIO_V26_D12_SRWL2ND_CAp2~Short,FEOLMOL_HOL
AIO_V26_D13_SRWL2ND_CAp3~Short,FEOLMOL_HOL
AIO_V26_D14_SRWL2ND_CAp3p5~Short,FEOLMOL_HOL
AIO_V26_D15_SRWL2ND_CAp4~Short,FEOLMOL_HOL
AIO_V26_D16_SRWL2ND_CAp4p5~Short,FEOLMOL_HOL
AIO_V26_D17_SRWL2ND_CAp5~Short,FEOLMOL_HOL
AIO_V26_D18_SRWL2ND_CAp5p5~Short,FEOLMOL_HOL
AIO_V26_D19_SRWL2ND_CAp6~Short,FEOLMOL_HOL
MP6_PDN1_FET_SN_9T9T~DIBL_100n,Device
MP6_PDN1_FET_SN_9T9T~Idoff,Device
MP6_PDN1_FET_SN_9T9T~Ieff,Device
MP6_PDN1_FET_SN_9T9T~Ihigh,Device
MP6_PDN1_FET_SN_9T9T~Ilow,Device
MP6_PDN1_FET_SN_9T9T~Isoff,Device
MP6_PDN1_FET_SN_9T9T~Vtlin_100n,Device
MP6_PDN1_FET_SN_9T9T~Vtsat_100n,Device
MP6_PDN1_FET_SN_CFil~DIBL_100n,Device
MP6_PDN1_FET_SN_CFil~Idoff,Device
MP6_PDN1_FET_SN_CFil~Ieff,Device
MP6_PDN1_FET_SN_CFil~Ihigh,Device
MP6_PDN1_FET_SN_CFil~Ilow,Device
MP6_PDN1_FET_SN_CFil~Isoff,Device
MP6_PDN1_FET_SN_CFil~Vtlin_100n,Device
MP6_PDN1_FET_SN_CFil~Vtsat_100n,Device
MP6_PDN1_FET_SN_EGHi~DIBL_100n,Device
MP6_PDN1_FET_SN_EGHi~Idoff,Device
MP6_PDN1_FET_SN_EGHi~Ieff,Device
MP6_PDN1_FET_SN_EGHi~Ihigh,Device
MP6_PDN1_FET_SN_EGHi~Ilow,Device
MP6_PDN1_FET_SN_EGHi~Isoff,Device
MP6_PDN1_FET_SN_EGHi~Vtlin_100n,Device
MP6_PDN1_FET_SN_EGHi~Vtsat_100n,Device
MP6_PDN1_FET_SN_Fil2~DIBL_100n,Device
MP6_PDN1_FET_SN_Fil2~Idoff,Device
MP6_PDN1_FET_SN_Fil2~Ieff,Device
MP6_PDN1_FET_SN_Fil2~Ihigh,Device
MP6_PDN1_FET_SN_Fil2~Ilow,Device
MP6_PDN1_FET_SN_Fil2~Isoff,Device
MP6_PDN1_FET_SN_Fil2~Vtlin_100n,Device
MP6_PDN1_FET_SN_Fil2~Vtsat_100n,Device
MP6_PDN1_FET_SN_Fil3~DIBL_100n,Device
MP6_PDN1_FET_SN_Fil3~Idoff,Device
MP6_PDN1_FET_SN_Fil3~Ieff,Device
MP6_PDN1_FET_SN_Fil3~Ihigh,Device
MP6_PDN1_FET_SN_Fil3~Ilow,Device
MP6_PDN1_FET_SN_Fil3~Isoff,Device
MP6_PDN1_FET_SN_Fil3~Vtlin_100n,Device
MP6_PDN1_FET_SN_Fil3~Vtsat_100n,Device
MP6_PDN1_FET_SN_NCAP~DIBL_100n,Device
MP6_PDN1_FET_SN_NCAP~Idoff,Device
MP6_PDN1_FET_SN_NCAP~Ieff,Device
MP6_PDN1_FET_SN_NCAP~Ihigh,Device
MP6_PDN1_FET_SN_NCAP~Ilow,Device
MP6_PDN1_FET_SN_NCAP~Isoff,Device
MP6_PDN1_FET_SN_NCAP~Vtlin_100n,Device
MP6_PDN1_FET_SN_NCAP~Vtsat_100n,Device
MP6_PDN1_FET_SN_SGHi~DIBL_100n,Device
MP6_PDN1_FET_SN_SGHi~Idoff,Device
MP6_PDN1_FET_SN_SGHi~Ieff,Device
MP6_PDN1_FET_SN_SGHi~Ihigh,Device
MP6_PDN1_FET_SN_SGHi~Ilow,Device
MP6_PDN1_FET_SN_SGHi~Isoff,Device
MP6_PDN1_FET_SN_SGHi~Vtlin_100n,Device
MP6_PDN1_FET_SN_SGHi~Vtsat_100n,Device
MP6_PDN1_FET_SN_SGMd~DIBL_100n,Device
MP6_PDN1_FET_SN_SGMd~Idoff,Device
MP6_PDN1_FET_SN_SGMd~Ieff,Device
MP6_PDN1_FET_SN_SGMd~Ihigh,Device
MP6_PDN1_FET_SN_SGMd~Ilow,Device
MP6_PDN1_FET_SN_SGMd~Isoff,Device
MP6_PDN1_FET_SN_SGMd~Vtlin_100n,Device
MP6_PDN1_FET_SN_SGMd~Vtsat_100n,Device
MP6_PDN1_FET_SN_VPNP~DIBL_100n,Device
MP6_PDN1_FET_SN_VPNP~Idoff,Device
MP6_PDN1_FET_SN_VPNP~Ieff,Device
MP6_PDN1_FET_SN_VPNP~Ihigh,Device
MP6_PDN1_FET_SN_VPNP~Ilow,Device
MP6_PDN1_FET_SN_VPNP~Isoff,Device
MP6_PDN1_FET_SN_VPNP~Vtlin_100n,Device
MP6_PDN1_FET_SN_VPNP~Vtsat_100n,Device
MP6_PDN2_FET_SP_9T9T~DIBL_100n,Device
MP6_PDN2_FET_SP_9T9T~Idoff,Device
MP6_PDN2_FET_SP_9T9T~Ieff,Device
MP6_PDN2_FET_SP_9T9T~Ihigh,Device
MP6_PDN2_FET_SP_9T9T~Ilow,Device
MP6_PDN2_FET_SP_9T9T~Isoff,Device
MP6_PDN2_FET_SP_9T9T~Vtlin_100n,Device
MP6_PDN2_FET_SP_9T9T~Vtsat_100n,Device
MP6_PDN2_FET_SP_CFil~DIBL_100n,Device
MP6_PDN2_FET_SP_CFil~Idoff,Device
MP6_PDN2_FET_SP_CFil~Ieff,Device
MP6_PDN2_FET_SP_CFil~Ihigh,Device
MP6_PDN2_FET_SP_CFil~Ilow,Device
MP6_PDN2_FET_SP_CFil~Isoff,Device
MP6_PDN2_FET_SP_CFil~Vtlin_100n,Device
MP6_PDN2_FET_SP_CFil~Vtsat_100n,Device
MP6_PDN2_FET_SP_EGHi~DIBL_100n,Device
MP6_PDN2_FET_SP_EGHi~Idoff,Device
MP6_PDN2_FET_SP_EGHi~Ieff,Device
MP6_PDN2_FET_SP_EGHi~Ihigh,Device
MP6_PDN2_FET_SP_EGHi~Ilow,Device
MP6_PDN2_FET_SP_EGHi~Isoff,Device
MP6_PDN2_FET_SP_EGHi~Vtlin_100n,Device
MP6_PDN2_FET_SP_EGHi~Vtsat_100n,Device
MP6_PDN2_FET_SP_Fil2~DIBL_100n,Device
MP6_PDN2_FET_SP_Fil2~Idoff,Device
MP6_PDN2_FET_SP_Fil2~Ieff,Device
MP6_PDN2_FET_SP_Fil2~Ihigh,Device
MP6_PDN2_FET_SP_Fil2~Ilow,Device
MP6_PDN2_FET_SP_Fil2~Isoff,Device
MP6_PDN2_FET_SP_Fil2~Vtlin_100n,Device
MP6_PDN2_FET_SP_Fil2~Vtsat_100n,Device
MP6_PDN2_FET_SP_Fil3~DIBL_100n,Device
MP6_PDN2_FET_SP_Fil3~Idoff,Device
MP6_PDN2_FET_SP_Fil3~Ieff,Device
MP6_PDN2_FET_SP_Fil3~Ihigh,Device
MP6_PDN2_FET_SP_Fil3~Ilow,Device
MP6_PDN2_FET_SP_Fil3~Isoff,Device
MP6_PDN2_FET_SP_Fil3~Vtlin_100n,Device
MP6_PDN2_FET_SP_Fil3~Vtsat_100n,Device
MP6_PDN2_FET_SP_NCAP~DIBL_100n,Device
MP6_PDN2_FET_SP_NCAP~Idoff,Device
MP6_PDN2_FET_SP_NCAP~Ieff,Device
MP6_PDN2_FET_SP_NCAP~Ihigh,Device
MP6_PDN2_FET_SP_NCAP~Ilow,Device
MP6_PDN2_FET_SP_NCAP~Isoff,Device
MP6_PDN2_FET_SP_NCAP~Vtlin_100n,Device
MP6_PDN2_FET_SP_NCAP~Vtsat_100n,Device
MP6_PDN2_FET_SP_SGHi~DIBL_100n,Device
MP6_PDN2_FET_SP_SGHi~Idoff,Device
MP6_PDN2_FET_SP_SGHi~Ieff,Device
MP6_PDN2_FET_SP_SGHi~Ihigh,Device
MP6_PDN2_FET_SP_SGHi~Ilow,Device
MP6_PDN2_FET_SP_SGHi~Isoff,Device
MP6_PDN2_FET_SP_SGHi~Vtlin_100n,Device
MP6_PDN2_FET_SP_SGHi~Vtsat_100n,Device
MP6_PDN2_FET_SP_SGMd~DIBL_100n,Device
MP6_PDN2_FET_SP_SGMd~Idoff,Device
MP6_PDN2_FET_SP_SGMd~Ieff,Device
MP6_PDN2_FET_SP_SGMd~Ihigh,Device
MP6_PDN2_FET_SP_SGMd~Ilow,Device
MP6_PDN2_FET_SP_SGMd~Isoff,Device
MP6_PDN2_FET_SP_SGMd~Vtlin_100n,Device
MP6_PDN2_FET_SP_SGMd~Vtsat_100n,Device
MP6_PDN2_FET_SP_VPNP~DIBL_100n,Device
MP6_PDN2_FET_SP_VPNP~Idoff,Device
MP6_PDN2_FET_SP_VPNP~Ieff,Device
MP6_PDN2_FET_SP_VPNP~Ihigh,Device
MP6_PDN2_FET_SP_VPNP~Ilow,Device
MP6_PDN2_FET_SP_VPNP~Isoff,Device
MP6_PDN2_FET_SP_VPNP~Vtlin_100n,Device
MP6_PDN2_FET_SP_VPNP~Vtsat_100n,Device
ROL9T4FMDBFO1~Freq_075,Device
ROL9T4FMDBFO1~Idda_075,Device
ROL9T4FMDBFO1~Iddq_075,Device
ROL9T4FMDBMOS~Freq_060,Device
ROL9T4FMDBMOS~Freq_090,Device
ROL9T4FMDBMOS~Idda_060,Device
ROL9T4FMDBMOS~Idda_090,Device
ROL9T4FMDBMOS~Iddq_060,Device
ROL9T4FMDBMOS~Iddq_090,Device
ROSL9T4FMDBFO1~Freq_075,Device
ROSL9T4FMDBFO1~Idda_075,Device
ROSL9T4FMDBFO1~Iddq_075,Device
ROSL9T4FMDBMOS~Freq_060,Device
ROSL9T4FMDBMOS~Freq_090,Device
ROSL9T4FMDBMOS~Idda_060,Device
ROSL9T4FMDBMOS~Idda_090,Device
ROSL9T4FMDBMOS~Iddq_060,Device
ROSL9T4FMDBMOS~Iddq_090,Device
ROUL9T4FMDBFO1~Freq_075,Device
ROUL9T4FMDBFO1~Idda_075,Device
ROUL9T4FMDBFO1~Iddq_075,Device
ROUL9T4FMDBMOS~Freq_060,Device
ROUL9T4FMDBMOS~Freq_090,Device
ROUL9T4FMDBMOS~Idda_060,Device
ROUL9T4FMDBMOS~Idda_090,Device
ROUL9T4FMDBMOS~Iddq_060,Device
ROUL9T4FMDBMOS~Iddq_090,Device
NL9T2FMDB~DIBL_100n,Device
NL9T2FMDB~Idoff,Device
NL9T2FMDB~Ieff,Device
NL9T2FMDB~Ihigh,Device
NL9T2FMDB~Ilow,Device
NL9T2FMDB~Isoff,Device
NL9T2FMDB~Vtlin_100n,Device
NL9T2FMDB~Vtsat_100n,Device
NSL9T2FMDB~DIBL_100n,Device
NSL9T2FMDB~Idoff,Device
NSL9T2FMDB~Ieff,Device
NSL9T2FMDB~Ihigh,Device
NSL9T2FMDB~Ilow,Device
NSL9T2FMDB~Isoff,Device
NSL9T2FMDB~Vtlin_100n,Device
NSL9T2FMDB~Vtsat_100n,Device
NSL9T3FMDB~DIBL_100n,Device
NSL9T3FMDB~Idoff,Device
NSL9T3FMDB~Ieff,Device
NSL9T3FMDB~Ihigh,Device
NSL9T3FMDB~Ilow,Device
NSL9T3FMDB~Isoff,Device
NSL9T3FMDB~Vtlin_100n,Device
NSL9T3FMDB~Vtsat_100n,Device
NSL9T4FMDBNF1~DIBL_100n,Device
NSL9T4FMDBNF1~Idoff,Device
NSL9T4FMDBNF1~Ieff,Device
NSL9T4FMDBNF1~Ihigh,Device
NSL9T4FMDBNF1~Ilow,Device
NSL9T4FMDBNF1~Isoff,Device
NSL9T4FMDBNF1~Vtlin_100n,Device
NSL9T4FMDBNF1~Vtsat_100n,Device
NUL9T2FMDB~DIBL_100n,Device
NUL9T2FMDB~Idoff,Device
NUL9T2FMDB~Ieff,Device
NUL9T2FMDB~Ihigh,Device
NUL9T2FMDB~Ilow,Device
NUL9T2FMDB~Isoff,Device
NUL9T2FMDB~Vtlin_100n,Device
NUL9T2FMDB~Vtsat_100n,Device
NSL9T2FMDBNF11CSA~DIBL_100n,Device
NSL9T2FMDBNF11CSA~Idoff,Device
NSL9T2FMDBNF11CSA~Ieff,Device
NSL9T2FMDBNF11CSA~Ihigh,Device
NSL9T2FMDBNF11CSA~Ilow,Device
NSL9T2FMDBNF11CSA~Isoff,Device
NSL9T2FMDBNF11CSA~Vtlin_100n,Device
NSL9T2FMDBNF11CSA~Vtsat_100n,Device
NSL9T2FMDBNF12CSA~DIBL_100n,Device
NSL9T2FMDBNF12CSA~Idoff,Device
NSL9T2FMDBNF12CSA~Ieff,Device
NSL9T2FMDBNF12CSA~Ihigh,Device
NSL9T2FMDBNF12CSA~Ilow,Device
NSL9T2FMDBNF12CSA~Isoff,Device
NSL9T2FMDBNF12CSA~Vtlin_100n,Device
NSL9T2FMDBNF12CSA~Vtsat_100n,Device
NSL9T4FMDBNF11CSA~DIBL_100n,Device
NSL9T4FMDBNF11CSA~Idoff,Device
NSL9T4FMDBNF11CSA~Ieff,Device
NSL9T4FMDBNF11CSA~Ihigh,Device
NSL9T4FMDBNF11CSA~Ilow,Device
NSL9T4FMDBNF11CSA~Isoff,Device
NSL9T4FMDBNF11CSA~Vtlin_100n,Device
NSL9T4FMDBNF11CSA~Vtsat_100n,Device
NSL9T4FMDBNF12CSA~DIBL_100n,Device
NSL9T4FMDBNF12CSA~Idoff,Device
NSL9T4FMDBNF12CSA~Ieff,Device
NSL9T4FMDBNF12CSA~Ihigh,Device
NSL9T4FMDBNF12CSA~Ilow,Device
NSL9T4FMDBNF12CSA~Isoff,Device
NSL9T4FMDBNF12CSA~Vtlin_100n,Device
NSL9T4FMDBNF12CSA~Vtsat_100n,Device
NSL9T4FMDBNF13CSA~DIBL_100n,Device
NSL9T4FMDBNF13CSA~Idoff,Device
NSL9T4FMDBNF13CSA~Ieff,Device
NSL9T4FMDBNF13CSA~Ihigh,Device
NSL9T4FMDBNF13CSA~Ilow,Device
NSL9T4FMDBNF13CSA~Isoff,Device
NSL9T4FMDBNF13CSA~Vtlin_100n,Device
NSL9T4FMDBNF13CSA~Vtsat_100n,Device
NSL9T4FMDBNF154~DIBL_100n,Device
NSL9T4FMDBNF154~Idoff,Device
NSL9T4FMDBNF154~Ieff,Device
NSL9T4FMDBNF154~Ihigh,Device
NSL9T4FMDBNF154~Ilow,Device
NSL9T4FMDBNF154~Isoff,Device
NSL9T4FMDBNF154~Vtlin_100n,Device
NSL9T4FMDBNF154~Vtsat_100n,Device
NSL9T2FMDBNF1~DIBL_100n,Device
NSL9T2FMDBNF1~Idoff,Device
NSL9T2FMDBNF1~Ieff,Device
NSL9T2FMDBNF1~Ihigh,Device
NSL9T2FMDBNF1~Ilow,Device
NSL9T2FMDBNF1~Isoff,Device
NSL9T2FMDBNF1~Vtlin_100n,Device
NSL9T2FMDBNF1~Vtsat_100n,Device
NSLREL4FMDBNF1~DIBL_100n,Device
NSLREL4FMDBNF1~Idoff,Device
NSLREL4FMDBNF1~Ieff,Device
NSLREL4FMDBNF1~Ihigh,Device
NSLREL4FMDBNF1~Ilow,Device
NSLREL4FMDBNF1~Isoff,Device
NSLREL4FMDBNF1~Vtlin_100n,Device
NSLREL4FMDBNF1~Vtsat_100n,Device
NSLUNI4FMDB~DIBL_100n,Device
NSLUNI4FMDB~Idoff,Device
NSLUNI4FMDB~Ieff,Device
NSLUNI4FMDB~Ihigh,Device
NSLUNI4FMDB~Ilow,Device
NSLUNI4FMDB~Isoff,Device
NSLUNI4FMDB~Vtlin_100n,Device
NSLUNI4FMDB~Vtsat_100n,Device
PL9T2FMDB~DIBL_100n,Device
PL9T2FMDB~Idoff,Device
PL9T2FMDB~Ieff,Device
PL9T2FMDB~Ihigh,Device
PL9T2FMDB~Ilow,Device
PL9T2FMDB~Isoff,Device
PL9T2FMDB~Vtlin_100n,Device
PL9T2FMDB~Vtsat_100n,Device
PSL9T2FMDB~DIBL_100n,Device
PSL9T2FMDB~Idoff,Device
PSL9T2FMDB~Ieff,Device
PSL9T2FMDB~Ihigh,Device
PSL9T2FMDB~Ilow,Device
PSL9T2FMDB~Isoff,Device
PSL9T2FMDB~Vtlin_100n,Device
PSL9T2FMDB~Vtsat_100n,Device
PSL9T3FMDB~DIBL_100n,Device
PSL9T3FMDB~Idoff,Device
PSL9T3FMDB~Ieff,Device
PSL9T3FMDB~Ihigh,Device
PSL9T3FMDB~Ilow,Device
PSL9T3FMDB~Isoff,Device
PSL9T3FMDB~Vtlin_100n,Device
PSL9T3FMDB~Vtsat_100n,Device
PSL9T4FMDBNF1~DIBL_100n,Device
PSL9T4FMDBNF1~Idoff,Device
PSL9T4FMDBNF1~Ieff,Device
PSL9T4FMDBNF1~Ihigh,Device
PSL9T4FMDBNF1~Ilow,Device
PSL9T4FMDBNF1~Isoff,Device
PSL9T4FMDBNF1~Vtlin_100n,Device
PSL9T4FMDBNF1~Vtsat_100n,Device
PUL9T2FMDB~DIBL_100n,Device
PUL9T2FMDB~Idoff,Device
PUL9T2FMDB~Ieff,Device
PUL9T2FMDB~Ihigh,Device
PUL9T2FMDB~Ilow,Device
PUL9T2FMDB~Isoff,Device
PUL9T2FMDB~Vtlin_100n,Device
PUL9T2FMDB~Vtsat_100n,Device
PSL825T4FMDBNF1~DIBL_100n,Device
PSL825T4FMDBNF1~Idoff,Device
PSL825T4FMDBNF1~Ieff,Device
PSL825T4FMDBNF1~Ihigh,Device
PSL825T4FMDBNF1~Ilow,Device
PSL825T4FMDBNF1~Isoff,Device
PSL825T4FMDBNF1~Vtlin_100n,Device
PSL825T4FMDBNF1~Vtsat_100n,Device
PSL9T2FMDBNF11CSA~DIBL_100n,Device
PSL9T2FMDBNF11CSA~Idoff,Device
PSL9T2FMDBNF11CSA~Ieff,Device
PSL9T2FMDBNF11CSA~Ihigh,Device
PSL9T2FMDBNF11CSA~Ilow,Device
PSL9T2FMDBNF11CSA~Isoff,Device
PSL9T2FMDBNF11CSA~Vtlin_100n,Device
PSL9T2FMDBNF11CSA~Vtsat_100n,Device
PSL9T2FMDBNF12CSA~DIBL_100n,Device
PSL9T2FMDBNF12CSA~Idoff,Device
PSL9T2FMDBNF12CSA~Ieff,Device
PSL9T2FMDBNF12CSA~Ihigh,Device
PSL9T2FMDBNF12CSA~Ilow,Device
PSL9T2FMDBNF12CSA~Isoff,Device
PSL9T2FMDBNF12CSA~Vtlin_100n,Device
PSL9T2FMDBNF12CSA~Vtsat_100n,Device
PSL9T4FMDBNF11CSA~DIBL_100n,Device
PSL9T4FMDBNF11CSA~Idoff,Device
PSL9T4FMDBNF11CSA~Ieff,Device
PSL9T4FMDBNF11CSA~Ihigh,Device
PSL9T4FMDBNF11CSA~Ilow,Device
PSL9T4FMDBNF11CSA~Isoff,Device
PSL9T4FMDBNF11CSA~Vtlin_100n,Device
PSL9T4FMDBNF11CSA~Vtsat_100n,Device
PSL9T4FMDBNF12CSA~DIBL_100n,Device
PSL9T4FMDBNF12CSA~Idoff,Device
PSL9T4FMDBNF12CSA~Ieff,Device
PSL9T4FMDBNF12CSA~Ihigh,Device
PSL9T4FMDBNF12CSA~Ilow,Device
PSL9T4FMDBNF12CSA~Isoff,Device
PSL9T4FMDBNF12CSA~Vtlin_100n,Device
PSL9T4FMDBNF12CSA~Vtsat_100n,Device
PSL9T4FMDBNF13CSA~DIBL_100n,Device
PSL9T4FMDBNF13CSA~Idoff,Device
PSL9T4FMDBNF13CSA~Ieff,Device
PSL9T4FMDBNF13CSA~Ihigh,Device
PSL9T4FMDBNF13CSA~Ilow,Device
PSL9T4FMDBNF13CSA~Isoff,Device
PSL9T4FMDBNF13CSA~Vtlin_100n,Device
PSL9T4FMDBNF13CSA~Vtsat_100n,Device
PSL9T4FMDBNF154~DIBL_100n,Device
PSL9T4FMDBNF154~Idoff,Device
PSL9T4FMDBNF154~Ieff,Device
PSL9T4FMDBNF154~Ihigh,Device
PSL9T4FMDBNF154~Ilow,Device
PSL9T4FMDBNF154~Isoff,Device
PSL9T4FMDBNF154~Vtlin_100n,Device
PSL9T4FMDBNF154~Vtsat_100n,Device
PSL825T4FMDBNF154~DIBL_100n,Device
PSL825T4FMDBNF154~Idoff,Device
PSL825T4FMDBNF154~Ieff,Device
PSL825T4FMDBNF154~Ihigh,Device
PSL825T4FMDBNF154~Ilow,Device
PSL825T4FMDBNF154~Isoff,Device
PSL825T4FMDBNF154~Vtlin_100n,Device
PSL825T4FMDBNF154~Vtsat_100n,Device
PSL9T2FMDBNF1~DIBL_100n,Device
PSL9T2FMDBNF1~Idoff,Device
PSL9T2FMDBNF1~Ieff,Device
PSL9T2FMDBNF1~Ihigh,Device
PSL9T2FMDBNF1~Ilow,Device
PSL9T2FMDBNF1~Isoff,Device
PSL9T2FMDBNF1~Vtlin_100n,Device
PSL9T2FMDBNF1~Vtsat_100n,Device
PSLREL4FMDBNF1~DIBL_100n,Device
PSLREL4FMDBNF1~Idoff,Device
PSLREL4FMDBNF1~Ieff,Device
PSLREL4FMDBNF1~Ihigh,Device
PSLREL4FMDBNF1~Ilow,Device
PSLREL4FMDBNF1~Isoff,Device
PSLREL4FMDBNF1~Vtlin_100n,Device
PSLREL4FMDBNF1~Vtsat_100n,Device
PSLUNI4FMDB~DIBL_100n,Device
PSLUNI4FMDB~Idoff,Device
PSLUNI4FMDB~Ieff,Device
PSLUNI4FMDB~Ihigh,Device
PSLUNI4FMDB~Ilow,Device
PSLUNI4FMDB~Isoff,Device
PSLUNI4FMDB~Vtlin_100n,Device
PSLUNI4FMDB~Vtsat_100n,Device
ROL9T4FMDBFO1~Freq_075,Device
ROL9T4FMDBFO1~Idda_075,Device
ROL9T4FMDBFO1~Iddq_075,Device
ROL9T4FMDBMOS~Freq_060,Device
ROL9T4FMDBMOS~Freq_075,Device
ROL9T4FMDBMOS~Freq_090,Device
ROL9T4FMDBMOS~Idda_060,Device
ROL9T4FMDBMOS~Idda_075,Device
ROL9T4FMDBMOS~Idda_090,Device
ROL9T4FMDBMOS~Iddq_060,Device
ROL9T4FMDBMOS~Iddq_075,Device
ROL9T4FMDBMOS~Iddq_090,Device
ROR9T4FMDBFO1~Freq_075,Device
ROR9T4FMDBFO1~Idda_075,Device
ROR9T4FMDBFO1~Iddq_075,Device
ROR9T4FMDBMOS~Freq_075,Device
ROR9T4FMDBMOS~Idda_075,Device
ROR9T4FMDBMOS~Iddq_075,Device
ROSL9T4FMDBFO1~Freq_075,Device
ROSL9T4FMDBFO1~Idda_075,Device
ROSL9T4FMDBFO1~Iddq_075,Device
ROSL9T4FMDBMOS~Freq_075,Device
ROSL9T4FMDBMOS~Idda_075,Device
ROSL9T4FMDBMOS~Iddq_075,Device
ROUL9T4FMDBMOS~Freq_075,Device
ROUL9T4FMDBMOS~Idda_075,Device
ROUL9T4FMDBMOS~Iddq_075,Device
EGN_PBTI_150_20F_GOF,REL
EGN_PBTI_150_20F_Intercept,REL
EGN_PBTI_150_20F_PreVt,REL
EGN_PBTI_150_20F_Ref_ID,REL
EGN_PBTI_150_20F_Ref_IG,REL
EGN_PBTI_150_20F_SHIFT1,REL
EGN_PBTI_150_20F_SHIFT2,REL
EGN_PBTI_150_20F_Slope,REL
EGN_PBTI_150_20F_VSENSE,REL
EGN_PBTI_PID_6X_150_GOF,REL
EGN_PBTI_PID_6X_150_Intercept,REL
EGN_PBTI_PID_6X_150_LKG,REL
EGN_PBTI_PID_6X_150_PreVt,REL
EGN_PBTI_PID_6X_150_Ref_ID,REL
EGN_PBTI_PID_6X_150_Ref_IG,REL
EGN_PBTI_PID_6X_150_SHIFT1,REL
EGN_PBTI_PID_6X_150_SHIFT2,REL
EGN_PBTI_PID_6X_150_Slope,REL
EGN_PBTI_PID_6X_150_VSENSE,REL
EGP_NBTI_150_20F_GOF,REL
EGP_NBTI_150_20F_Intercept,REL
EGP_NBTI_150_20F_PreVt,REL
EGP_NBTI_150_20F_Ref_ID,REL
EGP_NBTI_150_20F_Ref_IG,REL
EGP_NBTI_150_20F_SHIFT1,REL
EGP_NBTI_150_20F_SHIFT2,REL
EGP_NBTI_150_20F_Slope,REL
EGP_NBTI_150_20F_VSENSE,REL
EGP_NBTI_PID_6X_150_GOF,REL
EGP_NBTI_PID_6X_150_Intercept,REL
EGP_NBTI_PID_6X_150_LKG,REL
EGP_NBTI_PID_6X_150_PreVt,REL
EGP_NBTI_PID_6X_150_Ref_ID,REL
EGP_NBTI_PID_6X_150_Ref_IG,REL
EGP_NBTI_PID_6X_150_SHIFT1,REL
EGP_NBTI_PID_6X_150_SHIFT2,REL
EGP_NBTI_PID_6X_150_Slope,REL
EGP_NBTI_PID_6X_150_VSENSE,REL
HOL_MOL_VBD_LR_DUTN_Lk075,REL
HOL_MOL_VBD_LR_DUTN_VRAMP,REL
HOL_MOL_VBD_LR_DUTN_VST1,REL
HOL_MOL_VBD_LR_DUTN_i,REL
HOL_MOL_VBD_LR_DUTN_mode,REL
HOL_MOL_VBD_LR_DUTP_Lk075,REL
HOL_MOL_VBD_LR_DUTP_VRAMP,REL
HOL_MOL_VBD_LR_DUTP_VST1,REL
HOL_MOL_VBD_LR_DUTP_i,REL
HOL_MOL_VBD_LR_DUTP_mode,REL
HOL_MOL_VBD_UL_DUTN_Lk075,REL
HOL_MOL_VBD_UL_DUTN_VRAMP,REL
HOL_MOL_VBD_UL_DUTN_VST1,REL
HOL_MOL_VBD_UL_DUTN_i,REL
HOL_MOL_VBD_UL_DUTN_mode,REL
HOL_MOL_VBD_UL_DUTP_Lk075,REL
HOL_MOL_VBD_UL_DUTP_VRAMP,REL
HOL_MOL_VBD_UL_DUTP_VST1,REL
HOL_MOL_VBD_UL_DUTP_i,REL
HOL_MOL_VBD_UL_DUTP_mode,REL
%Ids_EGNHCI,REL
%Ids_EGPHCI,REL
%Ids_SLVTNHCI,REL
%Ids_SLVTPHCI,REL
SGN_PBTI_08_40F_U_GOF,REL
SGN_PBTI_08_40F_U_Intercept,REL
SGN_PBTI_08_40F_U_PreVt,REL
SGN_PBTI_08_40F_U_Ref_ID,REL
SGN_PBTI_08_40F_U_Ref_IG,REL
SGN_PBTI_08_40F_U_SHIFT1,REL
SGN_PBTI_08_40F_U_SHIFT2,REL
SGN_PBTI_08_40F_U_Slope,REL
SGN_PBTI_08_40F_U_VSENSE,REL
SGP_NBTI_08_40F_U_GOF,REL
SGP_NBTI_08_40F_U_Intercept,REL
SGP_NBTI_08_40F_U_PreVt,REL
SGP_NBTI_08_40F_U_Ref_ID,REL
SGP_NBTI_08_40F_U_Ref_IG,REL
SGP_NBTI_08_40F_U_SHIFT1,REL
SGP_NBTI_08_40F_U_SHIFT2,REL
SGP_NBTI_08_40F_U_Slope,REL
SGP_NBTI_08_40F_U_VSENSE,REL
SGP_NBTI_150_08_40F_U_GOF,REL
SGP_NBTI_150_08_40F_U_Intercept,REL
SGP_NBTI_150_08_40F_U_PreVt,REL
SGP_NBTI_150_08_40F_U_Ref_ID,REL
SGP_NBTI_150_08_40F_U_Ref_IG,REL
SGP_NBTI_150_08_40F_U_SHIFT1,REL
SGP_NBTI_150_08_40F_U_SHIFT2,REL
SGP_NBTI_150_08_40F_U_Slope,REL
SGP_NBTI_150_08_40F_U_VSENSE,REL
UN_PBTI_PID_6X_08_GOF,REL
UN_PBTI_PID_6X_08_Intercept,REL
UN_PBTI_PID_6X_08_LKG,REL
UN_PBTI_PID_6X_08_PreVt,REL
UN_PBTI_PID_6X_08_Ref_ID,REL
UN_PBTI_PID_6X_08_Ref_IG,REL
UN_PBTI_PID_6X_08_SHIFT1,REL
UN_PBTI_PID_6X_08_SHIFT2,REL
UN_PBTI_PID_6X_08_Slope,REL
UN_PBTI_PID_6X_08_VSENSE,REL
UP_NBTI_PID_6X_08_GOF,REL
UP_NBTI_PID_6X_08_Intercept,REL
UP_NBTI_PID_6X_08_LKG,REL
UP_NBTI_PID_6X_08_PreVt,REL
UP_NBTI_PID_6X_08_Ref_ID,REL
UP_NBTI_PID_6X_08_Ref_IG,REL
UP_NBTI_PID_6X_08_SHIFT1,REL
UP_NBTI_PID_6X_08_SHIFT2,REL
UP_NBTI_PID_6X_08_Slope,REL
UP_NBTI_PID_6X_08_VSENSE,REL
VR_SN_27_20_8_54_Vbd_mode,REL
NSL9T4FMDBREF~DIBL_100n,Device
NSL9T4FMDBREF~Idoff,Device
NSL9T4FMDBREF~Ieff,Device
NSL9T4FMDBREF~Ihigh,Device
NSL9T4FMDBREF~Ilow,Device
NSL9T4FMDBREF~Isoff,Device
NSL9T4FMDBREF~Vtlin_100n,Device
NSL9T4FMDBREF~Vtsat_100n,Device
NL9T4FMDBREF~DIBL_100n,Device
NL9T4FMDBREF~Idoff,Device
NL9T4FMDBREF~Ieff,Device
NL9T4FMDBREF~Ihigh,Device
NL9T4FMDBREF~Ilow,Device
NL9T4FMDBREF~Isoff,Device
NL9T4FMDBREF~Vtlin_100n,Device
NL9T4FMDBREF~Vtsat_100n,Device
NR9T2FMDB~DIBL_100n,Device
NR9T2FMDB~Idoff,Device
NR9T2FMDB~Ieff,Device
NR9T2FMDB~Ihigh,Device
NR9T2FMDB~Ilow,Device
NR9T2FMDB~Isoff,Device
NR9T2FMDB~Vtlin_100n,Device
NR9T2FMDB~Vtsat_100n,Device
NR9T4FMDBNF154~DIBL_100n,Device
NR9T4FMDBNF154~Idoff,Device
NR9T4FMDBNF154~Ieff,Device
NR9T4FMDBNF154~Ihigh,Device
NR9T4FMDBNF154~Ilow,Device
NR9T4FMDBNF154~Isoff,Device
NR9T4FMDBNF154~Vtlin_100n,Device
NR9T4FMDBNF154~Vtsat_100n,Device
NR9T4FMDBNF1~DIBL_100n,Device
NR9T4FMDBNF1~Idoff,Device
NR9T4FMDBNF1~Ieff,Device
NR9T4FMDBNF1~Ihigh,Device
NR9T4FMDBNF1~Ilow,Device
NR9T4FMDBNF1~Isoff,Device
NR9T4FMDBNF1~Vtlin_100n,Device
NR9T4FMDBNF1~Vtsat_100n,Device
NR9T4FMDBREF~DIBL_100n,Device
NR9T4FMDBREF~Idoff,Device
NR9T4FMDBREF~Ieff,Device
NR9T4FMDBREF~Ihigh,Device
NR9T4FMDBREF~Ilow,Device
NR9T4FMDBREF~Isoff,Device
NR9T4FMDBREF~Vtlin_100n,Device
NR9T4FMDBREF~Vtsat_100n,Device
NRREL4FMDBNF1~DIBL_100n,Device
NRREL4FMDBNF1~Idoff,Device
NRREL4FMDBNF1~Ieff,Device
NRREL4FMDBNF1~Ihigh,Device
NRREL4FMDBNF1~Ilow,Device
NRREL4FMDBNF1~Isoff,Device
NRREL4FMDBNF1~Vtlin_100n,Device
NRREL4FMDBNF1~Vtsat_100n,Device
NRUNI4FMDB~DIBL_100n,Device
NRUNI4FMDB~Idoff,Device
NRUNI4FMDB~Ieff,Device
NRUNI4FMDB~Ihigh,Device
NRUNI4FMDB~Ilow,Device
NRUNI4FMDB~Isoff,Device
NRUNI4FMDB~Vtlin_100n,Device
NRUNI4FMDB~Vtsat_100n,Device
NSL825T3FMDBNF154~DIBL_100n,Device
NSL825T3FMDBNF154~Idoff,Device
NSL825T3FMDBNF154~Ieff,Device
NSL825T3FMDBNF154~Ihigh,Device
NSL825T3FMDBNF154~Ilow,Device
NSL825T3FMDBNF154~Isoff,Device
NSL825T3FMDBNF154~Vtlin_100n,Device
NSL825T3FMDBNF154~Vtsat_100n,Device
NSL825T3FMDBNF1~DIBL_100n,Device
NSL825T3FMDBNF1~Idoff,Device
NSL825T3FMDBNF1~Ieff,Device
NSL825T3FMDBNF1~Ihigh,Device
NSL825T3FMDBNF1~Ilow,Device
NSL825T3FMDBNF1~Isoff,Device
NSL825T3FMDBNF1~Vtlin_100n,Device
NSL825T3FMDBNF1~Vtsat_100n,Device
NUL9T4FMDBREF~DIBL_100n,Device
NUL9T4FMDBREF~Idoff,Device
NUL9T4FMDBREF~Ieff,Device
NUL9T4FMDBREF~Ihigh,Device
NUL9T4FMDBREF~Ilow,Device
NUL9T4FMDBREF~Isoff,Device
NUL9T4FMDBREF~Vtlin_100n,Device
NUL9T4FMDBREF~Vtsat_100n,Device
PL9T4FMDBREF~DIBL_100n,Device
PL9T4FMDBREF~Idoff,Device
PL9T4FMDBREF~Ieff,Device
PL9T4FMDBREF~Ihigh,Device
PL9T4FMDBREF~Ilow,Device
PL9T4FMDBREF~Isoff,Device
PL9T4FMDBREF~Vtlin_100n,Device
PL9T4FMDBREF~Vtsat_100n,Device
PR9T2FMDB~DIBL_100n,Device
PR9T2FMDB~Idoff,Device
PR9T2FMDB~Ieff,Device
PR9T2FMDB~Ihigh,Device
PR9T2FMDB~Ilow,Device
PR9T2FMDB~Isoff,Device
PR9T2FMDB~Vtlin_100n,Device
PR9T2FMDB~Vtsat_100n,Device
PR9T4FMDBNF154~DIBL_100n,Device
PR9T4FMDBNF154~Idoff,Device
PR9T4FMDBNF154~Ieff,Device
PR9T4FMDBNF154~Ihigh,Device
PR9T4FMDBNF154~Ilow,Device
PR9T4FMDBNF154~Isoff,Device
PR9T4FMDBNF154~Vtlin_100n,Device
PR9T4FMDBNF154~Vtsat_100n,Device
PR9T4FMDBNF1~DIBL_100n,Device
PR9T4FMDBNF1~Idoff,Device
PR9T4FMDBNF1~Ieff,Device
PR9T4FMDBNF1~Ihigh,Device
PR9T4FMDBNF1~Ilow,Device
PR9T4FMDBNF1~Isoff,Device
PR9T4FMDBNF1~Vtlin_100n,Device
PR9T4FMDBNF1~Vtsat_100n,Device
PR9T4FMDBREF~DIBL_100n,Device
PR9T4FMDBREF~Idoff,Device
PR9T4FMDBREF~Ieff,Device
PR9T4FMDBREF~Ihigh,Device
PR9T4FMDBREF~Ilow,Device
PR9T4FMDBREF~Isoff,Device
PR9T4FMDBREF~Vtlin_100n,Device
PR9T4FMDBREF~Vtsat_100n,Device
PRREL4FMDBNF1~DIBL_100n,Device
PRREL4FMDBNF1~Idoff,Device
PRREL4FMDBNF1~Ieff,Device
PRREL4FMDBNF1~Ihigh,Device
PRREL4FMDBNF1~Ilow,Device
PRREL4FMDBNF1~Isoff,Device
PRREL4FMDBNF1~Vtlin_100n,Device
PRREL4FMDBNF1~Vtsat_100n,Device
PRUNI4FMDB~DIBL_100n,Device
PRUNI4FMDB~Idoff,Device
PRUNI4FMDB~Ieff,Device
PRUNI4FMDB~Ihigh,Device
PRUNI4FMDB~Ilow,Device
PRUNI4FMDB~Isoff,Device
PRUNI4FMDB~Vtlin_100n,Device
PRUNI4FMDB~Vtsat_100n,Device
PSL9T4FMDBREF~DIBL_100n,Device
PSL9T4FMDBREF~Idoff,Device
PSL9T4FMDBREF~Ieff,Device
PSL9T4FMDBREF~Ihigh,Device
PSL9T4FMDBREF~Ilow,Device
PSL9T4FMDBREF~Isoff,Device
PSL9T4FMDBREF~Vtlin_100n,Device
PSL9T4FMDBREF~Vtsat_100n,Device
PUL9T4FMDBREF~DIBL_100n,Device
PUL9T4FMDBREF~Idoff,Device
PUL9T4FMDBREF~Ieff,Device
PUL9T4FMDBREF~Ihigh,Device
PUL9T4FMDBREF~Ilow,Device
PUL9T4FMDBREF~Isoff,Device
PUL9T4FMDBREF~Vtlin_100n,Device
PUL9T4FMDBREF~Vtsat_100n,Device
vchnA_chnB_V3_DUT10_LKG,BEOL
VR_EP_42_40_150_230_Lk18,REL
VR_EP_42_40_150_230_VST1,REL
SR_V0704_GNDCA_epi_M2Ch_sml_hdop~OpenG1,FEOLMOL_HOL
SR_V0805_VDDCA_epi_M2Ch_sml_hdop~OpenG2,FEOLMOL_HOL
P032_1b_LPD_DIBL,SRAM
P032_1b_LPG_DIBL,SRAM
P032_1b_LPU_DIBL,SRAM
P032_1b_RPD_DIBL,SRAM
P032_1b_RPG_DIBL,SRAM
P032_1b_RPU_DIBL,SRAM
P032_1b_PD_Vtsat_avg,SRAM
P032_1b_PG_Vtsat_avg,SRAM
P032_1b_PU_Vtsat_avg,SRAM
P032_1b_PD_Idsat_avg,SRAM
P032_1b_PG_Idsat_avg,SRAM
P032_1b_PU_Idsat_avg,SRAM
P032_1b_Gamma,SRAM
P032_4FET_PD_Iboff,SRAM
P032_4FET_PD_Isoff,SRAM
P032_4FET_PD_DIBL,SRAM
P032_4FET_PG_Iboff,SRAM
P032_4FET_PG_Isoff,SRAM
P032_4FET_PG_DIBL,SRAM
P032_4FET_PU_Iboff,SRAM
P032_4FET_PU_Isoff,SRAM
P032_4FET_PU_DIBL,SRAM
P032_4FET_Gamma,SRAM
PL032S_1b_LPD_DIBL,SRAM
PL032S_1b_LPG_DIBL,SRAM
PL032S_1b_LPU_DIBL,SRAM
PL032S_1b_RPD_DIBL,SRAM
PL032S_1b_RPG_DIBL,SRAM
PL032S_1b_RPU_DIBL,SRAM
PL032S_1b_PD_Vtsat_avg,SRAM
PL032S_1b_PG_Vtsat_avg,SRAM
PL032S_1b_PU_Vtsat_avg,SRAM
PL032S_1b_PD_Idsat_avg,SRAM
PL032S_1b_PG_Idsat_avg,SRAM
PL032S_1b_PU_Idsat_avg,SRAM
PL032S_1b_Gamma,SRAM
PL032S_4FET_PD_Iboff,SRAM
PL032S_4FET_PD_Isoff,SRAM
PL032S_4FET_PD_DIBL,SRAM
PL032S_4FET_PG_Iboff,SRAM
PL032S_4FET_PG_Isoff,SRAM
PL032S_4FET_PG_DIBL,SRAM
PL032S_4FET_PU_Iboff,SRAM
PL032S_4FET_PU_Isoff,SRAM
PL032S_4FET_PU_DIBL,SRAM
PL032S_4FET_Gamma,SRAM
TPLL053_1b_RPD_Iboff,SRAM
TPLL053_1b_RPD_Igoff,SRAM
TPLL053_1b_RPD_Isoff,SRAM
TPLL053_1b_RPD_Idoff,SRAM
TPLL053_1b_RPD_Iginv,SRAM
TPLL053_1b_RPD_Idlin,SRAM
TPLL053_1b_RPD_Idsat,SRAM
TPLL053_1b_RPD_Vtlin,SRAM
TPLL053_1b_RPD_Vtsat,SRAM
TPLL053_1b_RPD_DIBL,SRAM
TPLL053_1b_RPG_Iboff,SRAM
TPLL053_1b_RPG_Igoff,SRAM
TPLL053_1b_RPG_Isoff,SRAM
TPLL053_1b_RPG_Idoff,SRAM
TPLL053_1b_RPG_Iginv,SRAM
TPLL053_1b_RPG_Idlin,SRAM
TPLL053_1b_RPG_Idsat,SRAM
TPLL053_1b_RPG_Vtlin,SRAM
TPLL053_1b_RPG_Vtsat,SRAM
TPLL053_1b_RPG_DIBL,SRAM
TPLL053_4FET_RPD_Iboff,SRAM
TPLL053_4FET_RPD_Isoff,SRAM
TPLL053_4FET_RPD_DIBL,SRAM
TPLL053_4FET_RPG_Iboff,SRAM
TPLL053_4FET_RPG_Isoff,SRAM
TPLL053_4FET_RPG_DIBL,SRAM
CMBSRP_M4_DUT3_RES,BEOL
CMBSRP_M4_DUT3_LKG,BEOL
CMBSRP_M4_DUT4_LKG,BEOL
CMBSRP_M4_DUT4_RES,BEOL
vchnA_vchnB_MD_DUT2_LKG,BEOL
vchnC_MD_DUT1_RES,BEOL
vchnD_MD_DUT1_RES,BEOL
vchnA_vchnB_MD_DUT5_LKG,BEOL
vchnA_vchnB_MD_DUT6_LKG,BEOL
slvtn_0.008x1x3x6_Edge_exp~Vtsat_100n,Device
slvtn_0.008x1x3x6_Edge_exp~Ihigh,Device
slvtn_0.008x1x3x6_Edge_exp~Ilow,Device
slvtn_0.008x1x3x6_Edge_exp~Ieff,Device
slvtn_0.008x1x3x6_Edge_exp~Idoff,Device
slvtn_0.008x1x3x6_Edge_ref~Vtsat_100n,Device
slvtn_0.008x1x3x6_Edge_ref~Ihigh,Device
slvtn_0.008x1x3x6_Edge_ref~Ilow,Device
slvtn_0.008x1x3x6_Edge_ref~Ieff,Device
slvtn_0.008x1x3x6_Edge_ref~Idoff,Device
slvtn_0.008x1x3x6_LeRead_exp~Vtsat_100n,Device
slvtn_0.008x1x3x6_LeRead_exp~Ihigh,Device
slvtn_0.008x1x3x6_LeRead_exp~Ilow,Device
slvtn_0.008x1x3x6_LeRead_exp~Ieff,Device
slvtn_0.008x1x3x6_LeRead_exp~Idoff,Device
ulvtn_0.008x1x3x6_LeWrite_ex~Vtsat_100n,Device
ulvtn_0.008x1x3x6_LeWrite_exp~Ihigh,Device
ulvtn_0.008x1x3x6_LeWrite_exp~Ilow,Device
ulvtn_0.008x1x3x6_LeWrite_exp~Ieff,Device
ulvtn_0.008x1x3x6_LeWrite_exp~Idoff,Device
ulvtn_0.008x1x3x6_gselW_exp~Vtsat_100n,Device
ulvtn_0.008x1x3x6_gselW_exp~Ihigh,Device
ulvtn_0.008x1x3x6_gselW_exp~Ilow,Device
ulvtn_0.008x1x3x6_gselW_exp~Ieff,Device
ulvtn_0.008x1x3x6_gselW_exp~Idoff,Device
ulvtn_0.008x1x4x5_gselF_exp~Vtsat_100n,Device
ulvtn_0.008x1x4x5_gselF_exp~Ihigh,Device
ulvtn_0.008x1x4x5_gselF_exp~Ilow,Device
ulvtn_0.008x1x4x5_gselF_exp~Ieff,Device
ulvtn_0.008x1x4x5_gselF_exp~Idoff,Device
rvtp_0.008x1x2x10_Edge_exp~Vtsat_100n,Device
rvtp_0.008x1x2x10_Edge_exp~Ihigh,Device
rvtp_0.008x1x2x10_Edge_exp~Ilow,Device
rvtp_0.008x1x2x10_Edge_exp~Ieff,Device
rvtp_0.008x1x2x10_Edge_exp~Idoff,Device
slvtp_0.008x1x3x6_LeRead_exp~Vtsat_100n,Device
slvtp_0.008x1x3x6_LeRead_exp~Ihigh,Device
slvtp_0.008x1x3x6_LeRead_exp~Ilow,Device
slvtp_0.008x1x3x6_LeRead_exp~Ieff,Device
slvtp_0.008x1x3x6_LeRead_exp~Idoff,Device
PLANA4FMDB15USL~Vtsat_100n,Device
PLANA4FMDB15USL~Ihigh,Device
PLANA4FMDB15USL~Ilow,Device
PLANA4FMDB15USL~Ieff,Device
PLANA4FMDB15USL~Idoff,Device
PLANA4FMDB15USR~Vtsat_100n,Device
PLANA4FMDB15USR~Ihigh,Device
PLANA4FMDB15USR~Ilow,Device
PLANA4FMDB15USR~Ieff,Device
PLANA4FMDB15USR~Idoff,Device
NLANA4FMDB15USL~Vtsat_100n,Device
NLANA4FMDB15USL~Ihigh,Device
NLANA4FMDB15USL~Ilow,Device
NLANA4FMDB15USL~Ieff,Device
NLANA4FMDB15USL~Idoff,Device
NLANA4FMDB15USR~Vtsat_100n,Device
NLANA4FMDB15USR~Ihigh,Device
NLANA4FMDB15USR~Ilow,Device
NLANA4FMDB15USR~Ieff,Device
NLANA4FMDB15USR~Idoff,Device
CBRXShA01D01_4P_CBs12~Short,FEOLMOL_HOL
CBRXShA01D02_4P_CBs10~Short,FEOLMOL_HOL
CBRXShA01D03_4P_CBs8~Short,FEOLMOL_HOL
CBRXShA01D04_4P_CBs6~Short,FEOLMOL_HOL
CBRXShA01D05_4P_CBs4~Short,FEOLMOL_HOL
CBRXShA01D06_4P_CBs2~Short,FEOLMOL_HOL
CBRXShA01D07_4P_CBnom~Short,FEOLMOL_HOL
CBRXShA01D08_4P_CBn2~Short,FEOLMOL_HOL
CBRXShA01D09_4P_CBn4~Short,FEOLMOL_HOL
CBRXShA01D10_4P_CBn6~Short,FEOLMOL_HOL
CBRXShA01D11_4P_CBn8~Short,FEOLMOL_HOL
CBRXShA01D12_4P_CBn10~Short,FEOLMOL_HOL
CBRXShA01D13_4P_CBn12~Short,FEOLMOL_HOL
CBRXShA01D14_4P_CBw6~Short,FEOLMOL_HOL
CBRXShA01D15_4P_CBw4~Short,FEOLMOL_HOL
CBRXShA01D16_4P_CBw2~Short,FEOLMOL_HOL
CBRXShA01D17_4P_CBnom_c1~Short,FEOLMOL_HOL
CBRXShA01D18_4P_CBe2~Short,FEOLMOL_HOL
CBRXShA01D19_4P_CBe4~Short,FEOLMOL_HOL
CBRXShA01D20_4P_CBe6~Short,FEOLMOL_HOL
CBRXShA01D21_3N_CBe4s4~Short,FEOLMOL_HOL
CBRXShA01D22_3N_CBe4s2~Short,FEOLMOL_HOL
CBRXShA02D01_4P_CBe4s12~Short,FEOLMOL_HOL
CBRXShA02D02_4P_CBe4s10~Short,FEOLMOL_HOL
CBRXShA02D03_4P_CBe4s8~Short,FEOLMOL_HOL
CBRXShA02D04_4P_CBe4s6~Short,FEOLMOL_HOL
CBRXShA02D05_4P_CBe4s4~Short,FEOLMOL_HOL
CBRXShA02D06_4P_CBe4s2~Short,FEOLMOL_HOL
CBRXShA02D07_4P_CBe4~Short,FEOLMOL_HOL
CBRXShA02D08_4P_CBe4n2~Short,FEOLMOL_HOL
CBRXShA02D09_4P_CBe4n4~Short,FEOLMOL_HOL
CBRXShA02D10_4P_CBe4n6~Short,FEOLMOL_HOL
CBRXShA02D11_4P_CBe4n8~Short,FEOLMOL_HOL
CBRXShA02D12_4P_CBe4n10~Short,FEOLMOL_HOL
CBRXShA02D13_4P_CBe4n12~Short,FEOLMOL_HOL
CBRXShA02D14_3N_CBe4s12~Short,FEOLMOL_HOL
CBRXShA02D15_3N_CBe4s10~Short,FEOLMOL_HOL
CBRXShA02D16_3N_CBe4s8~Short,FEOLMOL_HOL
CBRXShA02D17_3N_CBe4s6~Short,FEOLMOL_HOL
CBRXShA02D18_3N_CBe4~Short,FEOLMOL_HOL
CBRXShA02D19_3N_CBe4n6~Short,FEOLMOL_HOL
CBRXShA02D20_3N_CBe4n8~Short,FEOLMOL_HOL
CBRXShA02D21_3N_CBe4n10~Short,FEOLMOL_HOL
CBRXShA02D22_3N_CBe4n12~Short,FEOLMOL_HOL
CBRXShA03D01_3N_CBs12~Short,FEOLMOL_HOL
CBRXShA03D02_3N_CBs10~Short,FEOLMOL_HOL
CBRXShA03D03_3N_CBs8~Short,FEOLMOL_HOL
CBRXShA03D04_3N_CBs6~Short,FEOLMOL_HOL
CBRXShA03D05_3N_CBs4~Short,FEOLMOL_HOL
CBRXShA03D06_3N_CBs2~Short,FEOLMOL_HOL
CBRXShA03D07_3N_CBnom~Short,FEOLMOL_HOL
CBRXShA03D08_3N_CBn2~Short,FEOLMOL_HOL
CBRXShA03D09_3N_CBn4~Short,FEOLMOL_HOL
CBRXShA03D10_3N_CBn6~Short,FEOLMOL_HOL
CBRXShA03D11_3N_CBn8~Short,FEOLMOL_HOL
CBRXShA03D12_3N_CBn10~Short,FEOLMOL_HOL
CBRXShA03D13_3N_CBn12~Short,FEOLMOL_HOL
CBRXShA03D14_3N_CBw6~Short,FEOLMOL_HOL
CBRXShA03D15_3N_CBw4~Short,FEOLMOL_HOL
CBRXShA03D16_3N_CBw2~Short,FEOLMOL_HOL
CBRXShA03D17_3N_CBnom_c1~Short,FEOLMOL_HOL
CBRXShA03D18_3N_CBe2~Short,FEOLMOL_HOL
CBRXShA03D19_3N_CBe4~Short,FEOLMOL_HOL
CBRXShA03D20_3N_CBe6~Short,FEOLMOL_HOL
CBRXShA03D21_3N_CBe4n2~Short,FEOLMOL_HOL
CBRXShA03D22_3N_CBe4n4~Short,FEOLMOL_HOL
AUXPCShA21VD01_EG100Naux~Short,FEOLMOL_HOL
AUXPCShA21VD02_EG100Nact~Short,FEOLMOL_HOL
AUXPCShA22VD01_EG100Paux~Short,FEOLMOL_HOL
AUXPCShA22VD02_EG100Pact~Short,FEOLMOL_HOL
AUXPCShA23VD01_SG8UNaux~Short,FEOLMOL_HOL
AUXPCShA23VD02_SG8UNact~Short,FEOLMOL_HOL
AUXPCShA24VD01_SG8UPaux~Short,FEOLMOL_HOL
AUXPCShA24VD02_SG8UPact~Short,FEOLMOL_HOL
AUXPCShA25VD01_SG100LNaux~Short,FEOLMOL_HOL
AUXPCShA25VD02_SG100LNact~Short,FEOLMOL_HOL
AUXPCShA26VD01_SG100LPaux~Short,FEOLMOL_HOL
AUXPCShA26VD02_SG100LPact~Short,FEOLMOL_HOL
P10_VMA_MD_0MA~Short,BEOL
P10_VMA_MD_p01MA~Short,BEOL
P10_VMA_MD_p02MA~Short,BEOL
P10_VMA_MD_p03MA~Short,BEOL
P10_VMA_MD_p04p5MA~Short,BEOL
P10_VMA_MD_p06MA~Short,BEOL
P10_VMA_MD_p07p5MA~Short,BEOL
P10_VMA_MD_p09MA~Short,BEOL
P10_VMA_MD_p11MA~Short,BEOL
P10_VMA_MD_p13MA~Short,BEOL
P10_VMA_MD_p15MA~Short,BEOL
P10_VMA_MD_p17MA~Short,BEOL
P10_VMA_MD_m01MA~Short,BEOL
P10_VMA_MD_m02MA~Short,BEOL
P10_VMA_MD_m03MA~Short,BEOL
P10_VMA_MD_m04p5MA~Short,BEOL
P10_VMA_MD_m06MA~Short,BEOL
P10_VMA_MD_m07p5MA~Short,BEOL
P10_VMA_MD_m09MA~Short,BEOL
P10_VMA_MD_m11MA~Short,BEOL
P10_VMA_MD_m13MA~Short,BEOL
P10_VMA_MD_m15MA~Short,BEOL
P10_VMA_MD_m17MA~Short,BEOL
P10_VMA_V0M1_0MA~Short,BEOL
P10_VMA_V0M1_p1p5MA~Short,BEOL
P10_VMA_V0M1_p3MA~Short,BEOL
P10_VMA_V0M1_p4p5MA~Short,BEOL
P10_VMA_V0M1_p6MA~Short,BEOL
P10_VMA_V0M1_p9MA~Short,BEOL
P10_VMA_V0M1_m1p5MA~Short,BEOL
P10_VMA_V0M1_m3MA~Short,BEOL
P10_VMA_V0M1_m4p5MA~Short,BEOL
P10_VMA_V0M1_m6MA~Short,BEOL
P10_VMA_V0M1_m9MA~Short,BEOL
P10_VMA_V0M1PWR_0MA~Short,BEOL
P10_VMA_V0M1PWR_p1p5MA~Short,BEOL
P10_VMA_V0M1PWR_p3MA~Short,BEOL
P10_VMA_V0M1PWR_p4p5MA~Short,BEOL
P10_VMA_V0M1PWR_p6MA~Short,BEOL
P10_VMA_V0M1PWR_p9MA~Short,BEOL
P10_VMA_V0M1PWR_m1p5MA~Short,BEOL
P10_VMA_V0M1PWR_m3MA~Short,BEOL
P10_VMA_V0M1PWR_m4p5MA~Short,BEOL
P10_VMA_V0M1PWR_m6MA~Short,BEOL
P10_VMA_V0M1PWR_m9MA~Short,BEOL
9T_ent_VCHN_c9T_O~Res,BEOL
9T_ent_VCHN_c9T_S~Short,BEOL
9T_ent_M3_24w16s_O~Res,BEOL
9T_ent_M3_24w16s_S~Short,BEOL
9T_ent_V2V3_v40~Short,BEOL
9T_ent_V2V3_v36~Short,BEOL
9T_ent_V2V3_v38~Short,BEOL
9T_ent_V2V3_v42~Short,BEOL
9T_ent_V2V3_v44~Short,BEOL
9T_ent_V2V3_hp21~Short,BEOL
9T_ent_V2V3_hp15~Short,BEOL
9T_ent_V2V3_hp12~Short,BEOL
9T_ent_V2V3_hp09~Short,BEOL
9T_ent_V2V3_hp06~Short,BEOL
9T_ent_V2V3_hp03~Short,BEOL
9T_ent_V2V3_hm03~Short,BEOL
9T_ent_V2V3_hm06~Short,BEOL
9T_ent_V2V3_hm09~Short,BEOL
9T_ent_V2V3_hm12~Short,BEOL
9T_ent_V2V3_hm15~Short,BEOL
9T_ent_V2V3_hm21~Short,BEOL
9T_ent_V2_VCHN_O~Res,BEOL
9T_ent_V2_VCHN_S~Short,BEOL
9T_ent_V3_VCHN_O~Res,BEOL
9T_ent_V3_VCHN_S~Short,BEOL
P10_VMA_V3M3PWR_0MA~Short,BEOL
P10_VMA_V3M3PWR_p2MA~Short,BEOL
P10_VMA_V3M3PWR_p4MA~Short,BEOL
P10_VMA_V3M3PWR_p6MA~Short,BEOL
P10_VMA_V3M3PWR_p9MA~Short,BEOL
P10_VMA_V3M3PWR_m2MA~Short,BEOL
P10_VMA_V3M3PWR_m4MA~Short,BEOL
P10_VMA_V3M3PWR_m6MA~Short,BEOL
P10_VMA_V3M3PWR_m9MA~Short,BEOL
P10_VMA_V3M3_0MA~Short,BEOL
P10_VMA_V3M3_p2MA~Short,BEOL
P10_VMA_V3M3_p4MA~Short,BEOL
P10_VMA_V3M3_p6MA~Short,BEOL
P10_VMA_V3M3_p9MA~Short,BEOL
P10_VMA_V3M3_m2MA~Short,BEOL
P10_VMA_V3M3_m4MA~Short,BEOL
P10_VMA_V3M3_m6MA~Short,BEOL
P10_VMA_V3M3_m9MA~Short,BEOL
zA_9T_PG_M3_Open_Serp1~Res,BEOL
zA_9T_PG_M3_Open_Serp2~Res,BEOL
zA_9T_PG_M3_Open_Serp3~Res,BEOL
zA_9T_PG_M3_Open_Serp4~Res,BEOL
zA_9T_PG_M3_Open_Serp5~Res,BEOL
zA_9T_PG_M3_Open_Serp6~Res,BEOL
zA_9T_PG_M3_Open_Serp7~Res,BEOL
zA_9T_PG_M3_Open_Serp8~Res,BEOL
zA_9T_PG_M3_Short_Serp1_2~Short,BEOL
zA_9T_PG_M3_Short_Serp2_3~Short,BEOL
zA_9T_PG_M3_Short_Serp3_4~Short,BEOL
zA_9T_PG_M3_Short_Serp4_5~Short,BEOL
zA_9T_PG_M3_Short_Serp5_6~Short,BEOL
zA_9T_PG_M3_Short_Serp6_7~Short,BEOL
zA_9T_PG_M3_Short_Serp7_8~Short,BEOL
zA_9T_PG_M4_Open_Serp1~Res,BEOL
zA_9T_PG_M4_Open_Serp2~Res,BEOL
zA_9T_PG_M4_Open_Serp3~Res,BEOL
zA_9T_PG_M4_Open_Serp4~Res,BEOL
zA_9T_PG_M4_Open_Serp5~Res,BEOL
zA_9T_PG_M4_Open_Serp6~Res,BEOL
zA_9T_PG_M4_Open_Serp7~Res,BEOL
zA_9T_PG_M4_Open_Serp8~Res,BEOL
zA_9T_PG_M4_Open_Serp9~Res,BEOL
zA_9T_PG_M4_Open_Serp10~Res,BEOL
zA_9T_PG_M4_Open_Serp11~Res,BEOL
zA_9T_PG_M4_Short_Serp1_2~Short,BEOL
zA_9T_PG_M4_Short_Serp2_3~Short,BEOL
zA_9T_PG_M4_Short_Serp3_4~Short,BEOL
zA_9T_PG_M4_Short_Serp4_5~Short,BEOL
zA_9T_PG_M4_Short_Serp5_6~Short,BEOL
zA_9T_PG_M4_Short_Serp6_7~Short,BEOL
zA_9T_PG_M4_Short_Serp7_8~Short,BEOL
zA_9T_PG_M4_Short_Serp8_9~Short,BEOL
zA_9T_PG_M4_Short_Serp9_10~Short,BEOL
zA_9T_PG_M4_Short_Serp10_11~Short,BEOL
PLANA4FMDB1USL~Vtsat_100n,Device
PLANA4FMDB1USL~Ihigh,Device
PLANA4FMDB1USL~Ilow,Device
PLANA4FMDB1USL~Ieff,Device
PLANA4FMDB1USL~Idoff,Device
PLANA4FMDB1USR~Vtsat_100n,Device
PLANA4FMDB1USR~Ihigh,Device
PLANA4FMDB1USR~Ilow,Device
PLANA4FMDB1USR~Ieff,Device
PLANA4FMDB1USR~Idoff,Device
NLANA4FMDB1USL~Vtsat_100n,Device
NLANA4FMDB1USL~Ihigh,Device
NLANA4FMDB1USL~Ilow,Device
NLANA4FMDB1USL~Ieff,Device
NLANA4FMDB1USL~Idoff,Device
NLANA4FMDB1USR~Vtsat_100n,Device
NLANA4FMDB1USR~Ihigh,Device
NLANA4FMDB1USR~Ilow,Device
NLANA4FMDB1USR~Ieff,Device
NLANA4FMDB1USR~Idoff,Device
rvtp_0.008x1x2x10_Edge_exp~DIBL_100n,Device
rvtp_0.008x1x2x10_Edge_exp~Isoff,Device
rvtp_0.008x1x2x10_Edge_exp~Vtlin_100n,Device
slvtn_0.008x1x3x6_Edge_exp~DIBL_100n,Device
slvtn_0.008x1x3x6_Edge_exp~Isoff,Device
slvtn_0.008x1x3x6_Edge_exp~Vtlin_100n,Device
slvtn_0.008x1x3x6_Edge_ref~DIBL_100n,Device
slvtn_0.008x1x3x6_Edge_ref~Isoff,Device
slvtn_0.008x1x3x6_Edge_ref~Vtlin_100n,Device
slvtn_0.008x1x3x6_LeRead_exp~DIBL_100n,Device
slvtn_0.008x1x3x6_LeRead_exp~Isoff,Device
slvtn_0.008x1x3x6_LeRead_exp~Vtlin_100n,Device
slvtp_0.008x1x3x6_LeRead_exp~DIBL_100n,Device
slvtp_0.008x1x3x6_LeRead_exp~Isoff,Device
slvtp_0.008x1x3x6_LeRead_exp~Vtlin_100n,Device
ulvtn_0.008x1x3x6_LeWrite_ex~Vtlin_100n,Device
ulvtn_0.008x1x3x6_LeWrite_exp~DIBL_100n,Device
ulvtn_0.008x1x3x6_LeWrite_exp~Isoff,Device
ulvtn_0.008x1x3x6_gselW_exp~DIBL_100n,Device
ulvtn_0.008x1x3x6_gselW_exp~Isoff,Device
ulvtn_0.008x1x3x6_gselW_exp~Vtlin_100n,Device
ulvtn_0.008x1x4x5_gselF_exp~DIBL_100n,Device
ulvtn_0.008x1x4x5_gselF_exp~Isoff,Device
ulvtn_0.008x1x4x5_gselF_exp~Vtlin_100n,Device
M032B_2FET_Center_PD_DIBL,SRAM
M032B_2FET_Center_PD_Iboff,SRAM
M032B_2FET_Center_PD_Idlin,SRAM
M032B_2FET_Center_PD_Idoff,SRAM
M032B_2FET_Center_PD_Idsat,SRAM
M032B_2FET_Center_PD_Iginv,SRAM
M032B_2FET_Center_PD_Igoff,SRAM
M032B_2FET_Center_PD_Isoff,SRAM
M032B_2FET_Center_PD_Vtlin,SRAM
M032B_2FET_Center_PD_Vtsat,SRAM
M032B_2FET_Center_PU_DIBL,SRAM
M032B_2FET_Center_PU_Iboff,SRAM
M032B_2FET_Center_PU_Idlin,SRAM
M032B_2FET_Center_PU_Idoff,SRAM
M032B_2FET_Center_PU_Idsat,SRAM
M032B_2FET_Center_PU_Iginv,SRAM
M032B_2FET_Center_PU_Igoff,SRAM
M032B_2FET_Center_PU_Isoff,SRAM
M032B_2FET_Center_PU_Vtlin,SRAM
M032B_2FET_Center_PU_Vtsat,SRAM
M032B_2FET_Corner_PD_DIBL,SRAM
M032B_2FET_Corner_PD_Iboff,SRAM
M032B_2FET_Corner_PD_Idlin,SRAM
M032B_2FET_Corner_PD_Idoff,SRAM
M032B_2FET_Corner_PD_Idsat,SRAM
M032B_2FET_Corner_PD_Iginv,SRAM
M032B_2FET_Corner_PD_Igoff,SRAM
M032B_2FET_Corner_PD_Isoff,SRAM
M032B_2FET_Corner_PD_Vtlin,SRAM
M032B_2FET_Corner_PD_Vtsat,SRAM
M032B_2FET_Corner_PU_DIBL,SRAM
M032B_2FET_Corner_PU_Iboff,SRAM
M032B_2FET_Corner_PU_Idlin,SRAM
M032B_2FET_Corner_PU_Idoff,SRAM
M032B_2FET_Corner_PU_Idsat,SRAM
M032B_2FET_Corner_PU_Iginv,SRAM
M032B_2FET_Corner_PU_Igoff,SRAM
M032B_2FET_Corner_PU_Isoff,SRAM
M032B_2FET_Corner_PU_Vtlin,SRAM
M032B_2FET_Corner_PU_Vtsat,SRAM
M032B_2FET_LR_PD_DIBL,SRAM
M032B_2FET_LR_PD_Iboff,SRAM
M032B_2FET_LR_PD_Idlin,SRAM
M032B_2FET_LR_PD_Idoff,SRAM
M032B_2FET_LR_PD_Idsat,SRAM
M032B_2FET_LR_PD_Iginv,SRAM
M032B_2FET_LR_PD_Igoff,SRAM
M032B_2FET_LR_PD_Isoff,SRAM
M032B_2FET_LR_PD_Vtlin,SRAM
M032B_2FET_LR_PD_Vtsat,SRAM
M032B_2FET_LR_PU_DIBL,SRAM
M032B_2FET_LR_PU_Iboff,SRAM
M032B_2FET_LR_PU_Idlin,SRAM
M032B_2FET_LR_PU_Idoff,SRAM
M032B_2FET_LR_PU_Idsat,SRAM
M032B_2FET_LR_PU_Iginv,SRAM
M032B_2FET_LR_PU_Igoff,SRAM
M032B_2FET_LR_PU_Isoff,SRAM
M032B_2FET_LR_PU_Vtlin,SRAM
M032B_2FET_LR_PU_Vtsat,SRAM
M032B_2FET_TOP_PD_DIBL,SRAM
M032B_2FET_TOP_PD_Iboff,SRAM
M032B_2FET_TOP_PD_Idlin,SRAM
M032B_2FET_TOP_PD_Idoff,SRAM
M032B_2FET_TOP_PD_Idsat,SRAM
M032B_2FET_TOP_PD_Iginv,SRAM
M032B_2FET_TOP_PD_Igoff,SRAM
M032B_2FET_TOP_PD_Isoff,SRAM
M032B_2FET_TOP_PD_Vtlin,SRAM
M032B_2FET_TOP_PD_Vtsat,SRAM
M032B_2FET_TOP_PU_DIBL,SRAM
M032B_2FET_TOP_PU_Iboff,SRAM
M032B_2FET_TOP_PU_Idlin,SRAM
M032B_2FET_TOP_PU_Idoff,SRAM
M032B_2FET_TOP_PU_Idsat,SRAM
M032B_2FET_TOP_PU_Iginv,SRAM
M032B_2FET_TOP_PU_Igoff,SRAM
M032B_2FET_TOP_PU_Isoff,SRAM
M032B_2FET_TOP_PU_Vtlin,SRAM
M032B_2FET_TOP_PU_Vtsat,SRAM
M032B_4FET_PD_DIBL,SRAM
M032B_4FET_PD_Iboff,SRAM
M032B_4FET_PD_Idlin,SRAM
M032B_4FET_PD_Idoff,SRAM
M032B_4FET_PD_Idsat,SRAM
M032B_4FET_PD_Iginv,SRAM
M032B_4FET_PD_Igoff,SRAM
M032B_4FET_PD_Isoff,SRAM
M032B_4FET_PD_Vtlin,SRAM
M032B_4FET_PD_Vtsat,SRAM
M032B_4FET_PU_DIBL,SRAM
M032B_4FET_PU_Iboff,SRAM
M032B_4FET_PU_Idlin,SRAM
M032B_4FET_PU_Idoff,SRAM
M032B_4FET_PU_Idsat,SRAM
M032B_4FET_PU_Iginv,SRAM
M032B_4FET_PU_Igoff,SRAM
M032B_4FET_PU_Isoff,SRAM
M032B_4FET_PU_Vtlin,SRAM
M032B_4FET_PU_Vtsat,SRAM
M032_2FET_Center_PD_DIBL,SRAM
M032_2FET_Center_PD_Iboff,SRAM
M032_2FET_Center_PD_Idlin,SRAM
M032_2FET_Center_PD_Idoff,SRAM
M032_2FET_Center_PD_Idsat,SRAM
M032_2FET_Center_PD_Iginv,SRAM
M032_2FET_Center_PD_Igoff,SRAM
M032_2FET_Center_PD_Isoff,SRAM
M032_2FET_Center_PD_Vtlin,SRAM
M032_2FET_Center_PD_Vtsat,SRAM
M032_2FET_Center_PU_DIBL,SRAM
M032_2FET_Center_PU_Iboff,SRAM
M032_2FET_Center_PU_Idlin,SRAM
M032_2FET_Center_PU_Idoff,SRAM
M032_2FET_Center_PU_Idsat,SRAM
M032_2FET_Center_PU_Iginv,SRAM
M032_2FET_Center_PU_Igoff,SRAM
M032_2FET_Center_PU_Isoff,SRAM
M032_2FET_Center_PU_Vtlin,SRAM
M032_2FET_Center_PU_Vtsat,SRAM
M032_2FET_Corner_PD_DIBL,SRAM
M032_2FET_Corner_PD_Iboff,SRAM
M032_2FET_Corner_PD_Idlin,SRAM
M032_2FET_Corner_PD_Idoff,SRAM
M032_2FET_Corner_PD_Idsat,SRAM
M032_2FET_Corner_PD_Iginv,SRAM
M032_2FET_Corner_PD_Igoff,SRAM
M032_2FET_Corner_PD_Isoff,SRAM
M032_2FET_Corner_PD_Vtlin,SRAM
M032_2FET_Corner_PD_Vtsat,SRAM
M032_2FET_Corner_PU_DIBL,SRAM
M032_2FET_Corner_PU_Iboff,SRAM
M032_2FET_Corner_PU_Idlin,SRAM
M032_2FET_Corner_PU_Idoff,SRAM
M032_2FET_Corner_PU_Idsat,SRAM
M032_2FET_Corner_PU_Iginv,SRAM
M032_2FET_Corner_PU_Igoff,SRAM
M032_2FET_Corner_PU_Isoff,SRAM
M032_2FET_Corner_PU_Vtlin,SRAM
M032_2FET_Corner_PU_Vtsat,SRAM
M032_2FET_LR_PD_DIBL,SRAM
M032_2FET_LR_PD_Iboff,SRAM
M032_2FET_LR_PD_Idlin,SRAM
M032_2FET_LR_PD_Idoff,SRAM
M032_2FET_LR_PD_Idsat,SRAM
M032_2FET_LR_PD_Iginv,SRAM
M032_2FET_LR_PD_Igoff,SRAM
M032_2FET_LR_PD_Isoff,SRAM
M032_2FET_LR_PD_Vtlin,SRAM
M032_2FET_LR_PD_Vtsat,SRAM
M032_2FET_LR_PU_DIBL,SRAM
M032_2FET_LR_PU_Iboff,SRAM
M032_2FET_LR_PU_Idlin,SRAM
M032_2FET_LR_PU_Idoff,SRAM
M032_2FET_LR_PU_Idsat,SRAM
M032_2FET_LR_PU_Iginv,SRAM
M032_2FET_LR_PU_Igoff,SRAM
M032_2FET_LR_PU_Isoff,SRAM
M032_2FET_LR_PU_Vtlin,SRAM
M032_2FET_LR_PU_Vtsat,SRAM
M032_2FET_TOP_PD_DIBL,SRAM
M032_2FET_TOP_PD_Iboff,SRAM
M032_2FET_TOP_PD_Idlin,SRAM
M032_2FET_TOP_PD_Idoff,SRAM
M032_2FET_TOP_PD_Idsat,SRAM
M032_2FET_TOP_PD_Iginv,SRAM
M032_2FET_TOP_PD_Igoff,SRAM
M032_2FET_TOP_PD_Isoff,SRAM
M032_2FET_TOP_PD_Vtlin,SRAM
M032_2FET_TOP_PD_Vtsat,SRAM
M032_2FET_TOP_PU_DIBL,SRAM
M032_2FET_TOP_PU_Iboff,SRAM
M032_2FET_TOP_PU_Idlin,SRAM
M032_2FET_TOP_PU_Idoff,SRAM
M032_2FET_TOP_PU_Idsat,SRAM
M032_2FET_TOP_PU_Iginv,SRAM
M032_2FET_TOP_PU_Igoff,SRAM
M032_2FET_TOP_PU_Isoff,SRAM
M032_2FET_TOP_PU_Vtlin,SRAM
M032_2FET_TOP_PU_Vtsat,SRAM
M032_40FIN_A_PD_DIBL,SRAM
M032_40FIN_A_PD_Iboff,SRAM
M032_40FIN_A_PD_Idlin,SRAM
M032_40FIN_A_PD_Idoff,SRAM
M032_40FIN_A_PD_Idsat,SRAM
M032_40FIN_A_PD_Iginv,SRAM
M032_40FIN_A_PD_Igoff,SRAM
M032_40FIN_A_PD_Isoff,SRAM
M032_40FIN_A_PD_Vtlin,SRAM
M032_40FIN_A_PD_Vtsat,SRAM
M032_40FIN_A_PU_DIBL,SRAM
M032_40FIN_A_PU_Iboff,SRAM
M032_40FIN_A_PU_Idlin,SRAM
M032_40FIN_A_PU_Idoff,SRAM
M032_40FIN_A_PU_Idsat,SRAM
M032_40FIN_A_PU_Iginv,SRAM
M032_40FIN_A_PU_Igoff,SRAM
M032_40FIN_A_PU_Isoff,SRAM
M032_40FIN_A_PU_Vtlin,SRAM
M032_40FIN_A_PU_Vtsat,SRAM
M032_40FIN_B_PD_DIBL,SRAM
M032_40FIN_B_PD_Iboff,SRAM
M032_40FIN_B_PD_Idlin,SRAM
M032_40FIN_B_PD_Idoff,SRAM
M032_40FIN_B_PD_Idsat,SRAM
M032_40FIN_B_PD_Iginv,SRAM
M032_40FIN_B_PD_Igoff,SRAM
M032_40FIN_B_PD_Isoff,SRAM
M032_40FIN_B_PD_Vtlin,SRAM
M032_40FIN_B_PD_Vtsat,SRAM
M032_40FIN_B_PU_DIBL,SRAM
M032_40FIN_B_PU_Iboff,SRAM
M032_40FIN_B_PU_Idlin,SRAM
M032_40FIN_B_PU_Idoff,SRAM
M032_40FIN_B_PU_Idsat,SRAM
M032_40FIN_B_PU_Iginv,SRAM
M032_40FIN_B_PU_Igoff,SRAM
M032_40FIN_B_PU_Isoff,SRAM
M032_40FIN_B_PU_Vtlin,SRAM
M032_40FIN_B_PU_Vtsat,SRAM
M032_40FIN_C_PD_DIBL,SRAM
M032_40FIN_C_PD_Iboff,SRAM
M032_40FIN_C_PD_Idlin,SRAM
M032_40FIN_C_PD_Idoff,SRAM
M032_40FIN_C_PD_Idsat,SRAM
M032_40FIN_C_PD_Iginv,SRAM
M032_40FIN_C_PD_Igoff,SRAM
M032_40FIN_C_PD_Isoff,SRAM
M032_40FIN_C_PD_Vtlin,SRAM
M032_40FIN_C_PD_Vtsat,SRAM
M032_40FIN_C_PU_DIBL,SRAM
M032_40FIN_C_PU_Iboff,SRAM
M032_40FIN_C_PU_Idlin,SRAM
M032_40FIN_C_PU_Idoff,SRAM
M032_40FIN_C_PU_Idsat,SRAM
M032_40FIN_C_PU_Iginv,SRAM
M032_40FIN_C_PU_Igoff,SRAM
M032_40FIN_C_PU_Isoff,SRAM
M032_40FIN_C_PU_Vtlin,SRAM
M032_40FIN_C_PU_Vtsat,SRAM
M032_40FIN_D_PD_DIBL,SRAM
M032_40FIN_D_PD_Iboff,SRAM
M032_40FIN_D_PD_Idlin,SRAM
M032_40FIN_D_PD_Idoff,SRAM
M032_40FIN_D_PD_Idsat,SRAM
M032_40FIN_D_PD_Iginv,SRAM
M032_40FIN_D_PD_Igoff,SRAM
M032_40FIN_D_PD_Isoff,SRAM
M032_40FIN_D_PD_Vtlin,SRAM
M032_40FIN_D_PD_Vtsat,SRAM
M032_40FIN_D_PU_DIBL,SRAM
M032_40FIN_D_PU_Iboff,SRAM
M032_40FIN_D_PU_Idlin,SRAM
M032_40FIN_D_PU_Idoff,SRAM
M032_40FIN_D_PU_Idsat,SRAM
M032_40FIN_D_PU_Iginv,SRAM
M032_40FIN_D_PU_Igoff,SRAM
M032_40FIN_D_PU_Isoff,SRAM
M032_40FIN_D_PU_Vtlin,SRAM
M032_40FIN_D_PU_Vtsat,SRAM
M032_40FIN_E_PD_DIBL,SRAM
M032_40FIN_E_PD_Iboff,SRAM
M032_40FIN_E_PD_Idlin,SRAM
M032_40FIN_E_PD_Idoff,SRAM
M032_40FIN_E_PD_Idsat,SRAM
M032_40FIN_E_PD_Iginv,SRAM
M032_40FIN_E_PD_Igoff,SRAM
M032_40FIN_E_PD_Isoff,SRAM
M032_40FIN_E_PD_Vtlin,SRAM
M032_40FIN_E_PD_Vtsat,SRAM
M032_40FIN_E_PU_DIBL,SRAM
M032_40FIN_E_PU_Iboff,SRAM
M032_40FIN_E_PU_Idlin,SRAM
M032_40FIN_E_PU_Idoff,SRAM
M032_40FIN_E_PU_Idsat,SRAM
M032_40FIN_E_PU_Iginv,SRAM
M032_40FIN_E_PU_Igoff,SRAM
M032_40FIN_E_PU_Isoff,SRAM
M032_40FIN_E_PU_Vtlin,SRAM
M032_40FIN_E_PU_Vtsat,SRAM
M032_40FIN_F_PU_DIBL,SRAM
M032_40FIN_F_PU_Iboff,SRAM
M032_40FIN_F_PU_Idlin,SRAM
M032_40FIN_F_PU_Idoff,SRAM
M032_40FIN_F_PU_Idsat,SRAM
M032_40FIN_F_PU_Iginv,SRAM
M032_40FIN_F_PU_Igoff,SRAM
M032_40FIN_F_PU_Isoff,SRAM
M032_40FIN_F_PU_Vtlin,SRAM
M032_40FIN_F_PU_Vtsat,SRAM
M032_40FIN_G_PU_DIBL,SRAM
M032_40FIN_G_PU_Iboff,SRAM
M032_40FIN_G_PU_Idlin,SRAM
M032_40FIN_G_PU_Idoff,SRAM
M032_40FIN_G_PU_Idsat,SRAM
M032_40FIN_G_PU_Iginv,SRAM
M032_40FIN_G_PU_Igoff,SRAM
M032_40FIN_G_PU_Isoff,SRAM
M032_40FIN_G_PU_Vtlin,SRAM
M032_40FIN_G_PU_Vtsat,SRAM
M032_40FIN_H_PU_DIBL,SRAM
M032_40FIN_H_PU_Iboff,SRAM
M032_40FIN_H_PU_Idlin,SRAM
M032_40FIN_H_PU_Idoff,SRAM
M032_40FIN_H_PU_Idsat,SRAM
M032_40FIN_H_PU_Iginv,SRAM
M032_40FIN_H_PU_Igoff,SRAM
M032_40FIN_H_PU_Isoff,SRAM
M032_40FIN_H_PU_Vtlin,SRAM
M032_40FIN_H_PU_Vtsat,SRAM
M032_40FIN_I_PU_DIBL,SRAM
M032_40FIN_I_PU_Iboff,SRAM
M032_40FIN_I_PU_Idlin,SRAM
M032_40FIN_I_PU_Idoff,SRAM
M032_40FIN_I_PU_Idsat,SRAM
M032_40FIN_I_PU_Iginv,SRAM
M032_40FIN_I_PU_Igoff,SRAM
M032_40FIN_I_PU_Isoff,SRAM
M032_40FIN_I_PU_Vtlin,SRAM
M032_40FIN_I_PU_Vtsat,SRAM
M032_40FIN_J_PU_DIBL,SRAM
M032_40FIN_J_PU_Iboff,SRAM
M032_40FIN_J_PU_Idlin,SRAM
M032_40FIN_J_PU_Idoff,SRAM
M032_40FIN_J_PU_Idsat,SRAM
M032_40FIN_J_PU_Iginv,SRAM
M032_40FIN_J_PU_Igoff,SRAM
M032_40FIN_J_PU_Isoff,SRAM
M032_40FIN_J_PU_Vtlin,SRAM
M032_40FIN_J_PU_Vtsat,SRAM
M032_4FET_PD_DIBL,SRAM
M032_4FET_PD_Iboff,SRAM
M032_4FET_PD_Idlin,SRAM
M032_4FET_PD_Idoff,SRAM
M032_4FET_PD_Idsat,SRAM
M032_4FET_PD_Iginv,SRAM
M032_4FET_PD_Igoff,SRAM
M032_4FET_PD_Isoff,SRAM
M032_4FET_PD_Vtlin,SRAM
M032_4FET_PD_Vtsat,SRAM
M032_4FET_PU_DIBL,SRAM
M032_4FET_PU_Iboff,SRAM
M032_4FET_PU_Idlin,SRAM
M032_4FET_PU_Idoff,SRAM
M032_4FET_PU_Idsat,SRAM
M032_4FET_PU_Iginv,SRAM
M032_4FET_PU_Igoff,SRAM
M032_4FET_PU_Isoff,SRAM
M032_4FET_PU_Vtlin,SRAM
M032_4FET_PU_Vtsat,SRAM
PL032S_40FIN_A_PD_DIBL,SRAM
PL032S_40FIN_A_PD_Iboff,SRAM
PL032S_40FIN_A_PD_Idlin,SRAM
PL032S_40FIN_A_PD_Idoff,SRAM
PL032S_40FIN_A_PD_Idsat,SRAM
PL032S_40FIN_A_PD_Iginv,SRAM
PL032S_40FIN_A_PD_Igoff,SRAM
PL032S_40FIN_A_PD_Isoff,SRAM
PL032S_40FIN_A_PD_Vtlin,SRAM
PL032S_40FIN_A_PD_Vtsat,SRAM
PL032S_40FIN_A_PU_DIBL,SRAM
PL032S_40FIN_A_PU_Iboff,SRAM
PL032S_40FIN_A_PU_Idlin,SRAM
PL032S_40FIN_A_PU_Idoff,SRAM
PL032S_40FIN_A_PU_Idsat,SRAM
PL032S_40FIN_A_PU_Iginv,SRAM
PL032S_40FIN_A_PU_Igoff,SRAM
PL032S_40FIN_A_PU_Isoff,SRAM
PL032S_40FIN_A_PU_Vtlin,SRAM
PL032S_40FIN_A_PU_Vtsat,SRAM
PL032S_40FIN_B_PD_DIBL,SRAM
PL032S_40FIN_B_PD_Iboff,SRAM
PL032S_40FIN_B_PD_Idlin,SRAM
PL032S_40FIN_B_PD_Idoff,SRAM
PL032S_40FIN_B_PD_Idsat,SRAM
PL032S_40FIN_B_PD_Iginv,SRAM
PL032S_40FIN_B_PD_Igoff,SRAM
PL032S_40FIN_B_PD_Isoff,SRAM
PL032S_40FIN_B_PD_Vtlin,SRAM
PL032S_40FIN_B_PD_Vtsat,SRAM
PL032S_40FIN_B_PU_DIBL,SRAM
PL032S_40FIN_B_PU_Iboff,SRAM
PL032S_40FIN_B_PU_Idlin,SRAM
PL032S_40FIN_B_PU_Idoff,SRAM
PL032S_40FIN_B_PU_Idsat,SRAM
PL032S_40FIN_B_PU_Iginv,SRAM
PL032S_40FIN_B_PU_Igoff,SRAM
PL032S_40FIN_B_PU_Isoff,SRAM
PL032S_40FIN_B_PU_Vtlin,SRAM
PL032S_40FIN_B_PU_Vtsat,SRAM
PL032S_40FIN_C_PD_DIBL,SRAM
PL032S_40FIN_C_PD_Iboff,SRAM
PL032S_40FIN_C_PD_Idlin,SRAM
PL032S_40FIN_C_PD_Idoff,SRAM
PL032S_40FIN_C_PD_Idsat,SRAM
PL032S_40FIN_C_PD_Iginv,SRAM
PL032S_40FIN_C_PD_Igoff,SRAM
PL032S_40FIN_C_PD_Isoff,SRAM
PL032S_40FIN_C_PD_Vtlin,SRAM
PL032S_40FIN_C_PD_Vtsat,SRAM
PL032S_40FIN_C_PU_DIBL,SRAM
PL032S_40FIN_C_PU_Iboff,SRAM
PL032S_40FIN_C_PU_Idlin,SRAM
PL032S_40FIN_C_PU_Idoff,SRAM
PL032S_40FIN_C_PU_Idsat,SRAM
PL032S_40FIN_C_PU_Iginv,SRAM
PL032S_40FIN_C_PU_Igoff,SRAM
PL032S_40FIN_C_PU_Isoff,SRAM
PL032S_40FIN_C_PU_Vtlin,SRAM
PL032S_40FIN_C_PU_Vtsat,SRAM
PL032S_40FIN_D_PD_DIBL,SRAM
PL032S_40FIN_D_PD_Iboff,SRAM
PL032S_40FIN_D_PD_Idlin,SRAM
PL032S_40FIN_D_PD_Idoff,SRAM
PL032S_40FIN_D_PD_Idsat,SRAM
PL032S_40FIN_D_PD_Iginv,SRAM
PL032S_40FIN_D_PD_Igoff,SRAM
PL032S_40FIN_D_PD_Isoff,SRAM
PL032S_40FIN_D_PD_Vtlin,SRAM
PL032S_40FIN_D_PD_Vtsat,SRAM
PL032S_40FIN_D_PU_DIBL,SRAM
PL032S_40FIN_D_PU_Iboff,SRAM
PL032S_40FIN_D_PU_Idlin,SRAM
PL032S_40FIN_D_PU_Idoff,SRAM
PL032S_40FIN_D_PU_Idsat,SRAM
PL032S_40FIN_D_PU_Iginv,SRAM
PL032S_40FIN_D_PU_Igoff,SRAM
PL032S_40FIN_D_PU_Isoff,SRAM
PL032S_40FIN_D_PU_Vtlin,SRAM
PL032S_40FIN_D_PU_Vtsat,SRAM
PL032S_40FIN_E_PD_DIBL,SRAM
PL032S_40FIN_E_PD_Iboff,SRAM
PL032S_40FIN_E_PD_Idlin,SRAM
PL032S_40FIN_E_PD_Idoff,SRAM
PL032S_40FIN_E_PD_Idsat,SRAM
PL032S_40FIN_E_PD_Iginv,SRAM
PL032S_40FIN_E_PD_Igoff,SRAM
PL032S_40FIN_E_PD_Isoff,SRAM
PL032S_40FIN_E_PD_Vtlin,SRAM
PL032S_40FIN_E_PD_Vtsat,SRAM
PL032S_40FIN_E_PU_DIBL,SRAM
PL032S_40FIN_E_PU_Iboff,SRAM
PL032S_40FIN_E_PU_Idlin,SRAM
PL032S_40FIN_E_PU_Idoff,SRAM
PL032S_40FIN_E_PU_Idsat,SRAM
PL032S_40FIN_E_PU_Iginv,SRAM
PL032S_40FIN_E_PU_Igoff,SRAM
PL032S_40FIN_E_PU_Isoff,SRAM
PL032S_40FIN_E_PU_Vtlin,SRAM
PL032S_40FIN_E_PU_Vtsat,SRAM
PL032S_40FIN_F_PU_DIBL,SRAM
PL032S_40FIN_F_PU_Iboff,SRAM
PL032S_40FIN_F_PU_Idlin,SRAM
PL032S_40FIN_F_PU_Idoff,SRAM
PL032S_40FIN_F_PU_Idsat,SRAM
PL032S_40FIN_F_PU_Iginv,SRAM
PL032S_40FIN_F_PU_Igoff,SRAM
PL032S_40FIN_F_PU_Isoff,SRAM
PL032S_40FIN_F_PU_Vtlin,SRAM
PL032S_40FIN_F_PU_Vtsat,SRAM
PL032S_40FIN_G_PU_DIBL,SRAM
PL032S_40FIN_G_PU_Iboff,SRAM
PL032S_40FIN_G_PU_Idlin,SRAM
PL032S_40FIN_G_PU_Idoff,SRAM
PL032S_40FIN_G_PU_Idsat,SRAM
PL032S_40FIN_G_PU_Iginv,SRAM
PL032S_40FIN_G_PU_Igoff,SRAM
PL032S_40FIN_G_PU_Isoff,SRAM
PL032S_40FIN_G_PU_Vtlin,SRAM
PL032S_40FIN_G_PU_Vtsat,SRAM
PL032S_40FIN_H_PU_DIBL,SRAM
PL032S_40FIN_H_PU_Iboff,SRAM
PL032S_40FIN_H_PU_Idlin,SRAM
PL032S_40FIN_H_PU_Idoff,SRAM
PL032S_40FIN_H_PU_Idsat,SRAM
PL032S_40FIN_H_PU_Iginv,SRAM
PL032S_40FIN_H_PU_Igoff,SRAM
PL032S_40FIN_H_PU_Isoff,SRAM
PL032S_40FIN_H_PU_Vtlin,SRAM
PL032S_40FIN_H_PU_Vtsat,SRAM
PL032S_40FIN_I_PU_DIBL,SRAM
PL032S_40FIN_I_PU_Iboff,SRAM
PL032S_40FIN_I_PU_Idlin,SRAM
PL032S_40FIN_I_PU_Idoff,SRAM
PL032S_40FIN_I_PU_Idsat,SRAM
PL032S_40FIN_I_PU_Iginv,SRAM
PL032S_40FIN_I_PU_Igoff,SRAM
PL032S_40FIN_I_PU_Isoff,SRAM
PL032S_40FIN_I_PU_Vtlin,SRAM
PL032S_40FIN_I_PU_Vtsat,SRAM
PL032S_40FIN_J_PU_DIBL,SRAM
PL032S_40FIN_J_PU_Iboff,SRAM
PL032S_40FIN_J_PU_Idlin,SRAM
PL032S_40FIN_J_PU_Idoff,SRAM
PL032S_40FIN_J_PU_Idsat,SRAM
PL032S_40FIN_J_PU_Iginv,SRAM
PL032S_40FIN_J_PU_Igoff,SRAM
PL032S_40FIN_J_PU_Isoff,SRAM
PL032S_40FIN_J_PU_Vtlin,SRAM
PL032S_40FIN_J_PU_Vtsat,SRAM
lvtn_0.008x1x3x6_Edge_exp~Vtsat_100n,Device
lvtn_0.008x1x3x6_Edge_exp~Ihigh,Device
lvtn_0.008x1x3x6_Edge_exp~Ilow,Device
lvtn_0.008x1x3x6_Edge_exp~Ieff,Device
lvtn_0.008x1x3x6_Edge_exp~Idoff,Device
lvtn_0.008x1x3x6_Edge_ref~Vtsat_100n,Device
lvtn_0.008x1x3x6_Edge_ref~Ihigh,Device
lvtn_0.008x1x3x6_Edge_ref~Ilow,Device
lvtn_0.008x1x3x6_Edge_ref~Ieff,Device
lvtn_0.008x1x3x6_Edge_ref~Idoff,Device
slvtn_0.008x1x4x6_LeRead_exp~Vtsat_100n,Device
slvtn_0.008x1x4x6_LeRead_exp~Ihigh,Device
slvtn_0.008x1x4x6_LeRead_exp~Ilow,Device
slvtn_0.008x1x4x6_LeRead_exp~Ieff,Device
slvtn_0.008x1x4x6_LeRead_exp~Idoff,Device
ROL9T4FMDBFO1~Freq_075,Device
ROL9T4FMDBFO1~Idda_075,Device
ROL9T4FMDBFO1~Iddq_075,Device
ROR9T4FMDBFO1~Freq_075,Device
ROR9T4FMDBFO1~Idda_075,Device
ROR9T4FMDBFO1~Iddq_075,Device
ROSL9T4FMDBFO1~Freq_075,Device
ROSL9T4FMDBFO1~Idda_075,Device
ROSL9T4FMDBFO1~Iddq_075,Device